,,,,,Sensor_Package_Name,Sensor_Package_Name,Sensor_Package_Name,Sensor_Package_Name,Sensor_Package_Name
,,,,,AirBeam2:001896100BE9,AirBeam2:001896100BE9,AirBeam2:001896100BE9,AirBeam2:001896100BE9,AirBeam2:001896100BE9
,,,,,Sensor_Name,Sensor_Name,Sensor_Name,Sensor_Name,Sensor_Name
,,,,,AirBeam2-F,AirBeam2-PM1,AirBeam2-PM10,AirBeam2-PM2.5,AirBeam2-RH
,,,,,Measurement_Type,Measurement_Type,Measurement_Type,Measurement_Type,Measurement_Type
,,,,,Temperature,Particulate Matter,Particulate Matter,Particulate Matter,Humidity
,,,,,Measurement_Units,Measurement_Units,Measurement_Units,Measurement_Units,Measurement_Units
,,,,,degrees Fahrenheit,micrograms per cubic meter,micrograms per cubic meter,micrograms per cubic meter,percent
ObjectID,Session_Name,Timestamp,Latitude,Longitude,1:Measurement_Value,2:Measurement_Value,3:Measurement_Value,4:Measurement_Value,5:Measurement_Value
1,sesión viernes 25,2019-10-25T19:19:11.311,3.348469,-76.5305306,83.0,,,,
2,sesión viernes 25,2019-10-25T19:19:11.314,3.348469,-76.5305306,,,,,82.0
3,sesión viernes 25,2019-10-25T19:19:11.315,3.348469,-76.5305306,,10.0,19.0,14.0,
4,sesión viernes 25,2019-10-25T19:19:12.311,3.3484628,-76.5305385,83.0,,,,
5,sesión viernes 25,2019-10-25T19:19:12.313,3.3484628,-76.5305385,,,,,82.0
6,sesión viernes 25,2019-10-25T19:19:12.314,3.3484628,-76.5305385,,10.0,19.0,14.0,
7,sesión viernes 25,2019-10-25T19:19:13.311,3.3484628,-76.5305385,83.0,,,,
8,sesión viernes 25,2019-10-25T19:19:13.313,3.3484628,-76.5305385,,11.0,21.0,14.0,82.0
9,sesión viernes 25,2019-10-25T19:19:14.313,3.3484681,-76.5305458,83.0,11.0,21.0,14.0,82.0
10,sesión viernes 25,2019-10-25T19:19:15.313,3.3484681,-76.5305458,83.0,,,,
11,sesión viernes 25,2019-10-25T19:19:15.314,3.3484681,-76.5305458,,11.0,20.0,14.0,82.0
12,sesión viernes 25,2019-10-25T19:19:16.314,3.3484729,-76.5305495,83.0,,,,
13,sesión viernes 25,2019-10-25T19:19:16.315,3.3484729,-76.5305495,,10.0,20.0,14.0,82.0
14,sesión viernes 25,2019-10-25T19:19:17.313,3.3484739,-76.5305502,83.0,9.0,20.0,14.0,82.0
15,sesión viernes 25,2019-10-25T19:19:18.313,3.3484739,-76.5305502,83.0,10.0,20.0,14.0,82.0
16,sesión viernes 25,2019-10-25T19:19:19.313,3.3484745,-76.5305509,82.0,10.0,18.0,13.0,82.0
17,sesión viernes 25,2019-10-25T19:19:20.313,3.3484745,-76.5305513,83.0,11.0,20.0,14.0,82.0
18,sesión viernes 25,2019-10-25T19:19:21.313,3.3484745,-76.5305513,83.0,12.0,21.0,15.0,82.0
19,sesión viernes 25,2019-10-25T19:19:22.313,3.348474,-76.530552,83.0,11.0,22.0,15.0,82.0
20,sesión viernes 25,2019-10-25T19:19:23.810,3.3484739,-76.5305521,82.0,,,,82.0
21,sesión viernes 25,2019-10-25T19:19:23.811,3.3484739,-76.5305521,,11.0,22.0,15.0,
22,sesión viernes 25,2019-10-25T19:19:24.313,3.3484739,-76.5305521,83.0,11.0,,,81.0
23,sesión viernes 25,2019-10-25T19:19:24.314,3.3484739,-76.5305521,,,24.0,16.0,
24,sesión viernes 25,2019-10-25T19:19:25.313,3.3484735,-76.5305524,83.0,12.0,26.0,17.0,82.0
25,sesión viernes 25,2019-10-25T19:19:26.313,3.3484735,-76.5305524,83.0,12.0,26.0,17.0,82.0
26,sesión viernes 25,2019-10-25T19:19:27.313,3.348473,-76.5305525,82.0,11.0,25.0,17.0,82.0
27,sesión viernes 25,2019-10-25T19:19:28.313,3.348473,-76.5305525,83.0,12.0,27.0,18.0,82.0
28,sesión viernes 25,2019-10-25T19:19:29.313,3.3484716,-76.5305523,82.0,13.0,28.0,19.0,82.0
29,sesión viernes 25,2019-10-25T19:19:30.313,3.3484716,-76.5305523,83.0,,,,82.0
30,sesión viernes 25,2019-10-25T19:19:30.314,3.3484716,-76.5305523,,13.0,28.0,19.0,
31,sesión viernes 25,2019-10-25T19:19:31.309,3.3484707,-76.5305519,83.0,,,,
32,sesión viernes 25,2019-10-25T19:19:31.310,3.3484707,-76.5305519,,13.0,27.0,18.0,82.0
33,sesión viernes 25,2019-10-25T19:19:31.812,3.3484707,-76.5305519,83.0,,,,
34,sesión viernes 25,2019-10-25T19:19:31.812,3.3484707,-76.5305519,,13.0,27.0,18.0,81.0
35,sesión viernes 25,2019-10-25T19:19:32.810,3.3484701,-76.5305518,83.0,,,,
36,sesión viernes 25,2019-10-25T19:19:32.811,3.3484701,-76.5305518,,12.0,27.0,18.0,82.0
37,sesión viernes 25,2019-10-25T19:19:34.313,3.3484701,-76.5305518,83.0,12.0,27.0,18.0,81.0
38,sesión viernes 25,2019-10-25T19:19:35.313,3.34847,-76.5305517,83.0,12.0,25.0,16.0,81.0
39,sesión viernes 25,2019-10-25T19:19:36.313,3.34847,-76.5305517,83.0,12.0,24.0,16.0,81.0
40,sesión viernes 25,2019-10-25T19:19:37.313,3.3484697,-76.5305516,82.0,12.0,23.0,16.0,82.0
41,sesión viernes 25,2019-10-25T19:19:38.313,3.3484696,-76.5305516,82.0,11.0,21.0,15.0,81.0
42,sesión viernes 25,2019-10-25T19:19:39.311,3.3484696,-76.5305517,83.0,,,,
43,sesión viernes 25,2019-10-25T19:19:39.313,3.3484696,-76.5305517,,11.0,21.0,15.0,81.0
44,sesión viernes 25,2019-10-25T19:19:40.313,3.3484696,-76.5305517,83.0,12.0,19.0,15.0,81.0
45,sesión viernes 25,2019-10-25T19:19:41.313,3.3484696,-76.5305518,83.0,13.0,21.0,16.0,81.0
46,sesión viernes 25,2019-10-25T19:19:42.313,3.3484697,-76.5305518,82.0,14.0,,17.0,81.0
47,sesión viernes 25,2019-10-25T19:19:42.314,3.3484697,-76.5305518,,,23.0,,
48,sesión viernes 25,2019-10-25T19:19:43.313,3.3484825,-76.5305509,82.0,13.0,22.0,16.0,81.0
49,sesión viernes 25,2019-10-25T19:19:44.313,3.3484825,-76.5305509,83.0,13.0,22.0,16.0,81.0
50,sesión viernes 25,2019-10-25T19:19:45.313,3.3486315,-76.5305359,82.0,13.0,23.0,17.0,81.0
51,sesión viernes 25,2019-10-25T19:19:46.313,3.3486315,-76.5305359,82.0,14.0,24.0,18.0,81.0
52,sesión viernes 25,2019-10-25T19:19:47.313,3.3487859,-76.5305112,83.0,13.0,,,81.0
53,sesión viernes 25,2019-10-25T19:19:47.314,3.3487859,-76.5305112,,,27.0,19.0,
54,sesión viernes 25,2019-10-25T19:19:48.313,3.348857,-76.5304936,83.0,14.0,28.0,19.0,81.0
55,sesión viernes 25,2019-10-25T19:19:49.313,3.348857,-76.5304936,83.0,,,,
56,sesión viernes 25,2019-10-25T19:19:49.314,3.348857,-76.5304936,,14.0,28.0,19.0,81.0
57,sesión viernes 25,2019-10-25T19:19:50.313,3.3489936,-76.5304582,83.0,14.0,27.0,19.0,81.0
58,sesión viernes 25,2019-10-25T19:19:51.313,3.3489936,-76.5304582,83.0,14.0,27.0,19.0,81.0
59,sesión viernes 25,2019-10-25T19:19:52.313,3.3489936,-76.5304582,82.0,15.0,28.0,19.0,81.0
60,sesión viernes 25,2019-10-25T19:19:53.313,3.3489936,-76.5304582,83.0,16.0,29.0,19.0,81.0
61,sesión viernes 25,2019-10-25T19:19:54.313,3.3489936,-76.5304582,83.0,15.0,29.0,19.0,81.0
62,sesión viernes 25,2019-10-25T19:19:55.313,3.3489936,-76.5304582,83.0,15.0,29.0,19.0,81.0
63,sesión viernes 25,2019-10-25T19:19:56.313,3.3489936,-76.5304582,83.0,14.0,26.0,16.0,81.0
64,sesión viernes 25,2019-10-25T19:19:57.313,3.3489936,-76.5304582,83.0,14.0,26.0,16.0,81.0
65,sesión viernes 25,2019-10-25T19:19:58.313,3.3489936,-76.5304582,83.0,13.0,25.0,16.0,81.0
66,sesión viernes 25,2019-10-25T19:19:59.313,3.3489936,-76.5304582,83.0,13.0,25.0,16.0,81.0
67,sesión viernes 25,2019-10-25T19:20:00.313,3.3489936,-76.5304582,83.0,13.0,23.0,16.0,81.0
68,sesión viernes 25,2019-10-25T19:20:01.313,3.3489936,-76.5304582,83.0,12.0,22.0,15.0,81.0
69,sesión viernes 25,2019-10-25T19:20:02.313,3.3497338,-76.5303744,83.0,12.0,21.0,14.0,81.0
70,sesión viernes 25,2019-10-25T19:20:03.313,3.3499166,-76.5303816,83.0,12.0,21.0,14.0,81.0
71,sesión viernes 25,2019-10-25T19:20:04.313,3.3499166,-76.5303816,83.0,12.0,21.0,14.0,81.0
72,sesión viernes 25,2019-10-25T19:20:05.313,3.3501909,-76.5303906,83.0,11.0,20.0,13.0,81.0
73,sesión viernes 25,2019-10-25T19:20:06.313,3.3503062,-76.530395,83.0,11.0,20.0,13.0,81.0
74,sesión viernes 25,2019-10-25T19:20:07.313,3.3503062,-76.530395,83.0,10.0,19.0,12.0,81.0
75,sesión viernes 25,2019-10-25T19:20:08.313,3.350424,-76.5303956,83.0,9.0,,,81.0
76,sesión viernes 25,2019-10-25T19:20:08.314,3.350424,-76.5303956,,,19.0,12.0,
77,sesión viernes 25,2019-10-25T19:20:09.311,3.350464,-76.5303984,82.0,9.0,19.0,12.0,82.0
78,sesión viernes 25,2019-10-25T19:20:10.319,3.350464,-76.5303984,82.0,,,,81.0
79,sesión viernes 25,2019-10-25T19:20:10.320,3.350464,-76.5303984,,9.0,19.0,12.0,
80,sesión viernes 25,2019-10-25T19:20:11.313,3.3505141,-76.5304003,83.0,,,,82.0
81,sesión viernes 25,2019-10-25T19:20:11.314,3.3505141,-76.5304003,,9.0,19.0,12.0,
82,sesión viernes 25,2019-10-25T19:20:12.313,3.3505314,-76.5303991,82.0,,,,82.0
83,sesión viernes 25,2019-10-25T19:20:12.314,3.3505314,-76.5303991,,9.0,18.0,12.0,
84,sesión viernes 25,2019-10-25T19:20:13.313,3.3505314,-76.5303991,83.0,9.0,18.0,12.0,82.0
85,sesión viernes 25,2019-10-25T19:20:14.313,3.3505504,-76.530373,83.0,,,,
86,sesión viernes 25,2019-10-25T19:20:14.314,3.3505504,-76.530373,,9.0,18.0,13.0,82.0
87,sesión viernes 25,2019-10-25T19:20:15.313,3.3505504,-76.530373,83.0,9.0,,,82.0
88,sesión viernes 25,2019-10-25T19:20:15.314,3.3505504,-76.530373,,,18.0,12.0,
89,sesión viernes 25,2019-10-25T19:20:16.313,3.3505504,-76.530373,83.0,9.0,,12.0,82.0
90,sesión viernes 25,2019-10-25T19:20:16.314,3.3505504,-76.530373,,,18.0,,
91,sesión viernes 25,2019-10-25T19:20:17.313,3.3505504,-76.530373,83.0,9.0,18.0,12.0,82.0
92,sesión viernes 25,2019-10-25T19:20:18.313,3.3505504,-76.530373,83.0,9.0,,,82.0
93,sesión viernes 25,2019-10-25T19:20:18.314,3.3505504,-76.530373,,,18.0,12.0,
94,sesión viernes 25,2019-10-25T19:20:19.313,3.3505504,-76.530373,83.0,9.0,18.0,13.0,82.0
95,sesión viernes 25,2019-10-25T19:20:20.313,3.3505504,-76.530373,83.0,9.0,,13.0,82.0
96,sesión viernes 25,2019-10-25T19:20:20.314,3.3505504,-76.530373,,,18.0,,
97,sesión viernes 25,2019-10-25T19:20:21.311,3.3505504,-76.530373,82.0,9.0,16.0,13.0,82.0
98,sesión viernes 25,2019-10-25T19:20:22.315,3.3505504,-76.530373,83.0,9.0,,13.0,82.0
99,sesión viernes 25,2019-10-25T19:20:22.316,3.3505504,-76.530373,,,16.0,,
100,sesión viernes 25,2019-10-25T19:20:23.313,3.3505504,-76.530373,83.0,9.0,16.0,13.0,82.0
101,sesión viernes 25,2019-10-25T19:20:24.313,3.3505504,-76.530373,82.0,10.0,16.0,13.0,82.0
102,sesión viernes 25,2019-10-25T19:20:25.313,3.3505504,-76.530373,82.0,10.0,16.0,13.0,82.0
103,sesión viernes 25,2019-10-25T19:20:26.313,3.3505504,-76.530373,82.0,9.0,,12.0,82.0
104,sesión viernes 25,2019-10-25T19:20:26.314,3.3505504,-76.530373,,,14.0,,
105,sesión viernes 25,2019-10-25T19:20:27.310,3.3505504,-76.530373,83.0,9.0,14.0,12.0,82.0
106,sesión viernes 25,2019-10-25T19:20:28.313,3.3505504,-76.530373,82.0,9.0,14.0,12.0,82.0
107,sesión viernes 25,2019-10-25T19:20:29.313,3.3505504,-76.530373,83.0,9.0,14.0,12.0,82.0
108,sesión viernes 25,2019-10-25T19:20:30.313,3.3505504,-76.530373,82.0,,,,
109,sesión viernes 25,2019-10-25T19:20:30.314,3.3505504,-76.530373,,9.0,15.0,12.0,82.0
110,sesión viernes 25,2019-10-25T19:20:31.313,3.3505504,-76.530373,83.0,9.0,14.0,12.0,82.0
111,sesión viernes 25,2019-10-25T19:20:32.313,3.3505504,-76.530373,83.0,9.0,,,82.0
112,sesión viernes 25,2019-10-25T19:20:32.314,3.3505504,-76.530373,,,14.0,12.0,
113,sesión viernes 25,2019-10-25T19:20:33.310,3.3505504,-76.530373,83.0,9.0,14.0,12.0,82.0
114,sesión viernes 25,2019-10-25T19:20:34.313,3.3505504,-76.530373,83.0,8.0,,,82.0
115,sesión viernes 25,2019-10-25T19:20:34.314,3.3505504,-76.530373,,,13.0,11.0,
116,sesión viernes 25,2019-10-25T19:20:35.313,3.3505504,-76.530373,82.0,7.0,,11.0,82.0
117,sesión viernes 25,2019-10-25T19:20:35.314,3.3505504,-76.530373,,,14.0,,
118,sesión viernes 25,2019-10-25T19:20:36.313,3.3503634,-76.5302243,83.0,7.0,,11.0,82.0
119,sesión viernes 25,2019-10-25T19:20:36.314,3.3503634,-76.5302243,,,14.0,,
120,sesión viernes 25,2019-10-25T19:20:37.313,3.3503634,-76.5302243,82.0,8.0,15.0,12.0,82.0
121,sesión viernes 25,2019-10-25T19:20:38.313,3.3503983,-76.5302309,82.0,9.0,15.0,12.0,82.0
122,sesión viernes 25,2019-10-25T19:20:39.313,3.3504106,-76.5302348,82.0,,,,
123,sesión viernes 25,2019-10-25T19:20:39.314,3.3504106,-76.5302348,,9.0,15.0,12.0,82.0
124,sesión viernes 25,2019-10-25T19:20:40.313,3.3504106,-76.5302348,83.0,9.0,,,82.0
125,sesión viernes 25,2019-10-25T19:20:40.314,3.3504106,-76.5302348,,,15.0,12.0,
126,sesión viernes 25,2019-10-25T19:20:41.313,3.3504236,-76.5302434,82.0,9.0,15.0,12.0,82.0
127,sesión viernes 25,2019-10-25T19:20:42.313,3.3504236,-76.5302434,82.0,9.0,,,82.0
128,sesión viernes 25,2019-10-25T19:20:42.314,3.3504236,-76.5302434,,,15.0,12.0,
129,sesión viernes 25,2019-10-25T19:20:43.313,3.3504156,-76.5302416,82.0,9.0,15.0,12.0,82.0
130,sesión viernes 25,2019-10-25T19:20:44.313,3.3504079,-76.5302354,82.0,10.0,,,82.0
131,sesión viernes 25,2019-10-25T19:20:44.314,3.3504079,-76.5302354,,,15.0,12.0,
132,sesión viernes 25,2019-10-25T19:20:45.313,3.3504005,-76.5302313,82.0,,,,
133,sesión viernes 25,2019-10-25T19:20:45.314,3.3504005,-76.5302313,,13.0,20.0,15.0,82.0
134,sesión viernes 25,2019-10-25T19:20:46.313,3.3503941,-76.5302273,82.0,,,,82.0
135,sesión viernes 25,2019-10-25T19:20:46.314,3.3503941,-76.5302273,,15.0,22.0,16.0,
136,sesión viernes 25,2019-10-25T19:20:47.313,3.3504145,-76.5302322,82.0,15.0,,17.0,82.0
137,sesión viernes 25,2019-10-25T19:20:47.314,3.3504145,-76.5302322,,,24.0,,
138,sesión viernes 25,2019-10-25T19:20:48.314,3.3504145,-76.5302322,83.0,,,,
139,sesión viernes 25,2019-10-25T19:20:48.315,3.3504145,-76.5302322,,14.0,24.0,17.0,82.0
140,sesión viernes 25,2019-10-25T19:20:49.313,3.3504434,-76.5302222,83.0,,,,
141,sesión viernes 25,2019-10-25T19:20:49.314,3.3504434,-76.5302222,,14.0,23.0,16.0,82.0
142,sesión viernes 25,2019-10-25T19:20:50.313,3.3504434,-76.5302222,83.0,15.0,,,81.0
143,sesión viernes 25,2019-10-25T19:20:50.314,3.3504434,-76.5302222,,,25.0,17.0,
144,sesión viernes 25,2019-10-25T19:20:51.313,3.3504811,-76.530193,82.0,,,,
145,sesión viernes 25,2019-10-25T19:20:51.314,3.3504811,-76.530193,,15.0,25.0,17.0,81.0
146,sesión viernes 25,2019-10-25T19:20:52.313,3.3504811,-76.530193,82.0,15.0,,18.0,81.0
147,sesión viernes 25,2019-10-25T19:20:52.314,3.3504811,-76.530193,,,26.0,,
148,sesión viernes 25,2019-10-25T19:20:53.313,3.3506076,-76.5301883,82.0,15.0,26.0,19.0,81.0
149,sesión viernes 25,2019-10-25T19:20:54.313,3.3506425,-76.5302083,82.0,14.0,,19.0,81.0
150,sesión viernes 25,2019-10-25T19:20:54.314,3.3506425,-76.5302083,,,27.0,,
151,sesión viernes 25,2019-10-25T19:20:55.313,3.3507011,-76.5302292,82.0,13.0,26.0,17.0,81.0
152,sesión viernes 25,2019-10-25T19:20:56.313,3.3507011,-76.5302292,83.0,14.0,27.0,17.0,81.0
153,sesión viernes 25,2019-10-25T19:20:57.314,3.3507989,-76.5302599,83.0,,,,
154,sesión viernes 25,2019-10-25T19:20:57.315,3.3507989,-76.5302599,,13.0,26.0,16.0,81.0
155,sesión viernes 25,2019-10-25T19:20:58.313,3.3507989,-76.5302599,83.0,13.0,25.0,17.0,81.0
156,sesión viernes 25,2019-10-25T19:20:59.313,3.3508267,-76.5302617,82.0,13.0,25.0,17.0,81.0
157,sesión viernes 25,2019-10-25T19:21:00.313,3.3508742,-76.5302663,83.0,14.0,,17.0,81.0
158,sesión viernes 25,2019-10-25T19:21:00.314,3.3508742,-76.5302663,,,26.0,,
159,sesión viernes 25,2019-10-25T19:21:01.314,3.3508733,-76.5302658,83.0,,,,
160,sesión viernes 25,2019-10-25T19:21:01.315,3.3508733,-76.5302658,,14.0,26.0,17.0,81.0
161,sesión viernes 25,2019-10-25T19:21:02.313,3.3508645,-76.5302683,83.0,,,,
162,sesión viernes 25,2019-10-25T19:21:02.314,3.3508645,-76.5302683,,13.0,24.0,16.0,81.0
163,sesión viernes 25,2019-10-25T19:21:03.313,3.3508888,-76.5302752,83.0,,,,
164,sesión viernes 25,2019-10-25T19:21:03.314,3.3508888,-76.5302752,,14.0,24.0,17.0,81.0
165,sesión viernes 25,2019-10-25T19:21:04.313,3.3509541,-76.5302868,82.0,,,,81.0
166,sesión viernes 25,2019-10-25T19:21:04.314,3.3509541,-76.5302868,,14.0,24.0,17.0,
167,sesión viernes 25,2019-10-25T19:21:05.313,3.3509541,-76.5302868,82.0,,,,81.0
168,sesión viernes 25,2019-10-25T19:21:05.314,3.3509541,-76.5302868,,13.0,23.0,16.0,
169,sesión viernes 25,2019-10-25T19:21:06.315,3.3511265,-76.5302995,82.0,13.0,23.0,16.0,81.0
170,sesión viernes 25,2019-10-25T19:21:07.313,3.3512377,-76.5302921,82.0,13.0,,,82.0
171,sesión viernes 25,2019-10-25T19:21:07.314,3.3512377,-76.5302921,,,23.0,16.0,
172,sesión viernes 25,2019-10-25T19:21:08.313,3.3513322,-76.5302753,82.0,13.0,,,81.0
173,sesión viernes 25,2019-10-25T19:21:08.314,3.3513322,-76.5302753,,,23.0,16.0,
174,sesión viernes 25,2019-10-25T19:21:09.314,3.3513322,-76.5302753,82.0,,,,81.0
175,sesión viernes 25,2019-10-25T19:21:09.315,3.3513322,-76.5302753,,12.0,22.0,16.0,
176,sesión viernes 25,2019-10-25T19:21:10.313,3.3514848,-76.5302338,83.0,12.0,20.0,15.0,81.0
177,sesión viernes 25,2019-10-25T19:21:11.311,3.3515543,-76.5302192,82.0,,,,81.0
178,sesión viernes 25,2019-10-25T19:21:11.313,3.3515543,-76.5302192,,12.0,20.0,15.0,
179,sesión viernes 25,2019-10-25T19:21:12.315,3.3515543,-76.5302192,83.0,11.0,16.0,14.0,81.0
180,sesión viernes 25,2019-10-25T19:21:13.313,3.351638,-76.5301919,82.0,11.0,,14.0,81.0
181,sesión viernes 25,2019-10-25T19:21:13.314,3.351638,-76.5301919,,,16.0,,
182,sesión viernes 25,2019-10-25T19:21:14.313,3.3516665,-76.5301768,82.0,12.0,,14.0,81.0
183,sesión viernes 25,2019-10-25T19:21:14.314,3.3516665,-76.5301768,,,18.0,,
184,sesión viernes 25,2019-10-25T19:21:15.313,3.3516665,-76.5301768,82.0,,,,
185,sesión viernes 25,2019-10-25T19:21:15.314,3.3516665,-76.5301768,,12.0,18.0,14.0,81.0
186,sesión viernes 25,2019-10-25T19:21:16.314,3.3517054,-76.5301416,82.0,11.0,18.0,14.0,81.0
187,sesión viernes 25,2019-10-25T19:21:17.315,3.3517054,-76.5301416,82.0,13.0,20.0,16.0,81.0
188,sesión viernes 25,2019-10-25T19:21:18.313,3.3517228,-76.53011,82.0,15.0,,,81.0
189,sesión viernes 25,2019-10-25T19:21:18.314,3.3517228,-76.53011,,,22.0,17.0,
190,sesión viernes 25,2019-10-25T19:21:19.313,3.3517228,-76.53011,82.0,,,,
191,sesión viernes 25,2019-10-25T19:21:19.314,3.3517228,-76.53011,,17.0,25.0,19.0,82.0
192,sesión viernes 25,2019-10-25T19:21:20.313,3.3517228,-76.53011,82.0,,,,
193,sesión viernes 25,2019-10-25T19:21:20.314,3.3517228,-76.53011,,18.0,27.0,21.0,82.0
194,sesión viernes 25,2019-10-25T19:21:21.313,3.3517228,-76.53011,83.0,,,,
195,sesión viernes 25,2019-10-25T19:21:21.314,3.3517228,-76.53011,,18.0,27.0,21.0,82.0
196,sesión viernes 25,2019-10-25T19:21:22.313,3.3517228,-76.53011,82.0,,,,
197,sesión viernes 25,2019-10-25T19:21:22.314,3.3517228,-76.53011,,18.0,27.0,21.0,82.0
198,sesión viernes 25,2019-10-25T19:21:23.314,3.3517228,-76.53011,82.0,18.0,28.0,21.0,82.0
199,sesión viernes 25,2019-10-25T19:21:24.313,3.3517228,-76.53011,82.0,,,,
200,sesión viernes 25,2019-10-25T19:21:24.314,3.3517228,-76.53011,,19.0,30.0,22.0,82.0
201,sesión viernes 25,2019-10-25T19:21:25.314,3.3517764,-76.5300416,82.0,19.0,31.0,21.0,82.0
202,sesión viernes 25,2019-10-25T19:21:26.313,3.3517558,-76.5300511,82.0,,,,
203,sesión viernes 25,2019-10-25T19:21:26.314,3.3517558,-76.5300511,,19.0,31.0,22.0,82.0
204,sesión viernes 25,2019-10-25T19:21:27.313,3.3517558,-76.5300511,82.0,17.0,,20.0,82.0
205,sesión viernes 25,2019-10-25T19:21:27.314,3.3517558,-76.5300511,,,28.0,,
206,sesión viernes 25,2019-10-25T19:21:28.313,3.3517195,-76.5300666,82.0,17.0,28.0,19.0,82.0
207,sesión viernes 25,2019-10-25T19:21:29.311,3.3517107,-76.5300732,82.0,17.0,28.0,19.0,82.0
208,sesión viernes 25,2019-10-25T19:21:30.313,3.3516987,-76.5300823,82.0,16.0,,19.0,82.0
209,sesión viernes 25,2019-10-25T19:21:30.314,3.3516987,-76.5300823,,,27.0,,
210,sesión viernes 25,2019-10-25T19:21:31.313,3.3516987,-76.5300823,82.0,,,,
211,sesión viernes 25,2019-10-25T19:21:31.314,3.3516987,-76.5300823,,16.0,27.0,19.0,82.0
212,sesión viernes 25,2019-10-25T19:21:32.313,3.3516803,-76.530101,82.0,16.0,,,82.0
213,sesión viernes 25,2019-10-25T19:21:32.314,3.3516803,-76.530101,,,27.0,19.0,
214,sesión viernes 25,2019-10-25T19:21:33.313,3.3516803,-76.530101,82.0,16.0,,,82.0
215,sesión viernes 25,2019-10-25T19:21:33.314,3.3516803,-76.530101,,,27.0,19.0,
216,sesión viernes 25,2019-10-25T19:21:34.313,3.3516653,-76.5301174,83.0,,,,82.0
217,sesión viernes 25,2019-10-25T19:21:34.314,3.3516653,-76.5301174,,18.0,28.0,19.0,
218,sesión viernes 25,2019-10-25T19:21:35.313,3.3516653,-76.5301174,82.0,18.0,29.0,20.0,82.0
219,sesión viernes 25,2019-10-25T19:21:36.314,3.3516512,-76.5301309,83.0,18.0,29.0,20.0,82.0
220,sesión viernes 25,2019-10-25T19:21:37.313,3.3516512,-76.5301309,83.0,,,,
221,sesión viernes 25,2019-10-25T19:21:37.314,3.3516512,-76.5301309,,18.0,29.0,21.0,82.0
222,sesión viernes 25,2019-10-25T19:21:38.313,3.3516433,-76.5301403,82.0,18.0,29.0,21.0,82.0
223,sesión viernes 25,2019-10-25T19:21:39.313,3.3516433,-76.5301403,82.0,20.0,,,82.0
224,sesión viernes 25,2019-10-25T19:21:39.314,3.3516433,-76.5301403,,,30.0,22.0,
225,sesión viernes 25,2019-10-25T19:21:40.313,3.3516323,-76.5301475,82.0,,,,
226,sesión viernes 25,2019-10-25T19:21:40.314,3.3516323,-76.5301475,,20.0,30.0,22.0,82.0
227,sesión viernes 25,2019-10-25T19:21:41.314,3.3516251,-76.5301507,82.0,20.0,31.0,22.0,82.0
228,sesión viernes 25,2019-10-25T19:21:42.314,3.3516251,-76.5301507,82.0,21.0,32.0,23.0,82.0
229,sesión viernes 25,2019-10-25T19:21:43.313,3.3516126,-76.5301546,82.0,,,,
230,sesión viernes 25,2019-10-25T19:21:43.314,3.3516126,-76.5301546,,,,,82.0
231,sesión viernes 25,2019-10-25T19:21:43.315,3.3516126,-76.5301546,,21.0,32.0,23.0,
232,sesión viernes 25,2019-10-25T19:21:44.314,3.3516119,-76.530156,82.0,21.0,33.0,23.0,82.0
233,sesión viernes 25,2019-10-25T19:21:45.314,3.3516119,-76.530156,82.0,22.0,34.0,23.0,82.0
234,sesión viernes 25,2019-10-25T19:21:46.313,3.3516159,-76.5301582,82.0,,,,
235,sesión viernes 25,2019-10-25T19:21:46.314,3.3516159,-76.5301582,,22.0,32.0,23.0,82.0
236,sesión viernes 25,2019-10-25T19:21:47.311,3.351618,-76.5301587,83.0,,,,82.0
237,sesión viernes 25,2019-10-25T19:21:47.313,3.351618,-76.5301587,,22.0,32.0,23.0,
238,sesión viernes 25,2019-10-25T19:21:48.314,3.351618,-76.5301587,82.0,,,,82.0
239,sesión viernes 25,2019-10-25T19:21:48.315,3.351618,-76.5301587,,22.0,33.0,24.0,
240,sesión viernes 25,2019-10-25T19:21:49.313,3.3516208,-76.5301591,82.0,22.0,,24.0,82.0
241,sesión viernes 25,2019-10-25T19:21:49.314,3.3516208,-76.5301591,,,33.0,,
242,sesión viernes 25,2019-10-25T19:21:50.314,3.3516216,-76.5301591,82.0,23.0,34.0,25.0,82.0
243,sesión viernes 25,2019-10-25T19:21:51.314,3.3516216,-76.5301591,82.0,22.0,33.0,23.0,82.0
244,sesión viernes 25,2019-10-25T19:21:52.313,3.3516229,-76.5301602,82.0,,,,
245,sesión viernes 25,2019-10-25T19:21:52.314,3.3516229,-76.5301602,,22.0,33.0,23.0,82.0
246,sesión viernes 25,2019-10-25T19:21:53.314,3.3516223,-76.5301689,82.0,23.0,34.0,24.0,82.0
247,sesión viernes 25,2019-10-25T19:21:54.314,3.3516223,-76.5301689,83.0,24.0,36.0,25.0,82.0
248,sesión viernes 25,2019-10-25T19:21:55.313,3.3516202,-76.5301871,83.0,24.0,,,82.0
249,sesión viernes 25,2019-10-25T19:21:55.314,3.3516202,-76.5301871,,,37.0,25.0,
250,sesión viernes 25,2019-10-25T19:21:56.313,3.3516198,-76.5301929,82.0,,,,
251,sesión viernes 25,2019-10-25T19:21:56.314,3.3516198,-76.5301929,,23.0,36.0,24.0,82.0
252,sesión viernes 25,2019-10-25T19:21:57.314,3.3516195,-76.5301987,82.0,22.0,36.0,24.0,82.0
253,sesión viernes 25,2019-10-25T19:21:58.313,3.3516195,-76.5301987,83.0,,,,
254,sesión viernes 25,2019-10-25T19:21:58.314,3.3516195,-76.5301987,,21.0,36.0,24.0,82.0
255,sesión viernes 25,2019-10-25T19:21:59.314,3.3516213,-76.5301991,82.0,21.0,36.0,24.0,82.0
256,sesión viernes 25,2019-10-25T19:22:00.313,3.3516213,-76.5301991,82.0,21.0,,,82.0
257,sesión viernes 25,2019-10-25T19:22:00.314,3.3516213,-76.5301991,,,37.0,24.0,
258,sesión viernes 25,2019-10-25T19:22:01.314,3.3516247,-76.5301921,83.0,21.0,37.0,24.0,82.0
259,sesión viernes 25,2019-10-25T19:22:02.314,3.3516268,-76.5301874,82.0,21.0,37.0,23.0,82.0
260,sesión viernes 25,2019-10-25T19:22:03.314,3.3516293,-76.5301828,82.0,,,,
261,sesión viernes 25,2019-10-25T19:22:03.315,3.3516293,-76.5301828,,21.0,37.0,23.0,82.0
262,sesión viernes 25,2019-10-25T19:22:04.314,3.3516293,-76.5301828,82.0,22.0,38.0,24.0,82.0
263,sesión viernes 25,2019-10-25T19:22:05.314,3.351633,-76.5301762,83.0,22.0,39.0,25.0,82.0
264,sesión viernes 25,2019-10-25T19:22:06.314,3.351634,-76.5301729,82.0,22.0,39.0,25.0,82.0
265,sesión viernes 25,2019-10-25T19:22:07.314,3.351634,-76.5301729,82.0,22.0,39.0,25.0,82.0
266,sesión viernes 25,2019-10-25T19:22:08.314,3.3516351,-76.5301678,83.0,22.0,39.0,25.0,82.0
267,sesión viernes 25,2019-10-25T19:22:09.314,3.3516382,-76.530169,82.0,24.0,44.0,27.0,82.0
268,sesión viernes 25,2019-10-25T19:22:10.314,3.3516382,-76.530169,82.0,25.0,47.0,28.0,82.0
269,sesión viernes 25,2019-10-25T19:22:11.314,3.3516405,-76.5301703,82.0,26.0,48.0,29.0,82.0
270,sesión viernes 25,2019-10-25T19:22:12.314,3.3516408,-76.5301708,83.0,26.0,50.0,29.0,82.0
271,sesión viernes 25,2019-10-25T19:22:13.314,3.3516394,-76.5301713,82.0,26.0,49.0,29.0,82.0
272,sesión viernes 25,2019-10-25T19:22:14.314,3.3516394,-76.5301713,83.0,26.0,49.0,29.0,81.0
273,sesión viernes 25,2019-10-25T19:22:15.314,3.3516367,-76.5301717,82.0,25.0,48.0,28.0,81.0
274,sesión viernes 25,2019-10-25T19:22:16.315,3.3516367,-76.5301717,82.0,26.0,52.0,30.0,81.0
275,sesión viernes 25,2019-10-25T19:22:17.314,3.3516346,-76.5301717,82.0,26.0,51.0,29.0,81.0
276,sesión viernes 25,2019-10-25T19:22:18.314,3.3516338,-76.5301716,82.0,25.0,50.0,29.0,82.0
277,sesión viernes 25,2019-10-25T19:22:19.314,3.3516338,-76.5301716,82.0,25.0,50.0,29.0,81.0
278,sesión viernes 25,2019-10-25T19:22:20.313,3.3516324,-76.5301705,82.0,,,,
279,sesión viernes 25,2019-10-25T19:22:20.314,3.3516324,-76.5301705,,26.0,51.0,29.0,81.0
280,sesión viernes 25,2019-10-25T19:22:21.314,3.3516324,-76.5301705,82.0,27.0,52.0,30.0,81.0
281,sesión viernes 25,2019-10-25T19:22:22.314,3.3516031,-76.5301268,82.0,28.0,54.0,31.0,82.0
282,sesión viernes 25,2019-10-25T19:22:23.314,3.3516031,-76.5301268,82.0,30.0,56.0,32.0,81.0
283,sesión viernes 25,2019-10-25T19:22:24.314,3.3517282,-76.5300605,83.0,31.0,58.0,33.0,81.0
284,sesión viernes 25,2019-10-25T19:22:25.314,3.3517282,-76.5300605,82.0,32.0,60.0,34.0,82.0
285,sesión viernes 25,2019-10-25T19:22:26.313,3.3519777,-76.5300729,82.0,,,,
286,sesión viernes 25,2019-10-25T19:22:26.314,3.3519777,-76.5300729,,30.0,56.0,33.0,82.0
287,sesión viernes 25,2019-10-25T19:22:27.314,3.3519777,-76.5300729,82.0,30.0,57.0,33.0,82.0
288,sesión viernes 25,2019-10-25T19:22:28.314,3.3521791,-76.5300747,82.0,30.0,56.0,32.0,82.0
289,sesión viernes 25,2019-10-25T19:22:29.314,3.352171,-76.5300799,82.0,27.0,51.0,31.0,81.0
290,sesión viernes 25,2019-10-25T19:22:30.313,3.3521233,-76.5300761,82.0,26.0,49.0,29.0,82.0
291,sesión viernes 25,2019-10-25T19:22:31.314,3.3521233,-76.5300761,82.0,25.0,48.0,29.0,82.0
292,sesión viernes 25,2019-10-25T19:22:32.314,3.3521036,-76.5300608,82.0,24.0,48.0,29.0,82.0
293,sesión viernes 25,2019-10-25T19:22:33.314,3.3521061,-76.5300595,82.0,24.0,48.0,29.0,82.0
294,sesión viernes 25,2019-10-25T19:22:34.314,3.3521152,-76.5300608,82.0,24.0,47.0,27.0,82.0
295,sesión viernes 25,2019-10-25T19:22:35.316,3.3521152,-76.5300608,82.0,21.0,44.0,27.0,82.0
296,sesión viernes 25,2019-10-25T19:22:36.314,3.3522791,-76.5300839,82.0,22.0,44.0,27.0,82.0
297,sesión viernes 25,2019-10-25T19:22:37.314,3.3522791,-76.5300839,82.0,21.0,44.0,27.0,82.0
298,sesión viernes 25,2019-10-25T19:22:38.314,3.3523385,-76.5300464,83.0,21.0,43.0,26.0,82.0
299,sesión viernes 25,2019-10-25T19:22:39.314,3.3523623,-76.5300202,82.0,24.0,46.0,28.0,82.0
300,sesión viernes 25,2019-10-25T19:22:40.314,3.3523869,-76.5299933,82.0,25.0,49.0,29.0,82.0
301,sesión viernes 25,2019-10-25T19:22:41.314,3.3523869,-76.5299933,82.0,29.0,57.0,33.0,82.0
302,sesión viernes 25,2019-10-25T19:22:42.314,3.3524394,-76.5299434,82.0,32.0,64.0,35.0,82.0
303,sesión viernes 25,2019-10-25T19:22:43.314,3.3524961,-76.5299448,82.0,35.0,67.0,37.0,82.0
304,sesión viernes 25,2019-10-25T19:22:44.314,3.3525204,-76.5299177,82.0,37.0,67.0,37.0,82.0
305,sesión viernes 25,2019-10-25T19:22:45.314,3.3525204,-76.5299177,82.0,39.0,69.0,38.0,82.0
306,sesión viernes 25,2019-10-25T19:22:46.314,3.3526527,-76.5299222,83.0,39.0,69.0,38.0,82.0
307,sesión viernes 25,2019-10-25T19:22:47.314,3.3527494,-76.529941,82.0,43.0,73.0,40.0,82.0
308,sesión viernes 25,2019-10-25T19:22:48.314,3.3528788,-76.5299735,82.0,47.0,75.0,43.0,82.0
309,sesión viernes 25,2019-10-25T19:22:49.314,3.3528788,-76.5299735,82.0,49.0,78.0,44.0,82.0
310,sesión viernes 25,2019-10-25T19:22:50.314,3.3531335,-76.5300328,82.0,47.0,76.0,42.0,82.0
311,sesión viernes 25,2019-10-25T19:22:51.314,3.3532494,-76.5300514,82.0,39.0,71.0,37.0,82.0
312,sesión viernes 25,2019-10-25T19:22:52.314,3.3533681,-76.5300721,83.0,33.0,64.0,35.0,82.0
313,sesión viernes 25,2019-10-25T19:22:53.314,3.3534788,-76.5300958,82.0,32.0,62.0,34.0,82.0
314,sesión viernes 25,2019-10-25T19:22:54.314,3.3534788,-76.5300958,82.0,31.0,61.0,34.0,82.0
315,sesión viernes 25,2019-10-25T19:22:55.314,3.3536774,-76.5301333,82.0,30.0,59.0,33.0,82.0
316,sesión viernes 25,2019-10-25T19:22:56.314,3.3537845,-76.5301531,83.0,26.0,55.0,31.0,82.0
317,sesión viernes 25,2019-10-25T19:22:57.314,3.3537845,-76.5301531,82.0,24.0,50.0,29.0,82.0
318,sesión viernes 25,2019-10-25T19:22:58.314,3.3539856,-76.5301938,82.0,23.0,45.0,27.0,82.0
319,sesión viernes 25,2019-10-25T19:22:59.314,3.3539856,-76.5301938,82.0,23.0,45.0,27.0,82.0
320,sesión viernes 25,2019-10-25T19:23:00.314,3.3541535,-76.5302223,82.0,24.0,47.0,27.0,82.0
321,sesión viernes 25,2019-10-25T19:23:01.314,3.3542034,-76.5302254,82.0,23.0,46.0,27.0,82.0
322,sesión viernes 25,2019-10-25T19:23:02.314,3.3542428,-76.5302286,82.0,22.0,45.0,27.0,82.0
323,sesión viernes 25,2019-10-25T19:23:03.314,3.3542428,-76.5302286,82.0,21.0,42.0,25.0,82.0
324,sesión viernes 25,2019-10-25T19:23:04.314,3.3543058,-76.5302325,82.0,20.0,40.0,25.0,82.0
325,sesión viernes 25,2019-10-25T19:23:05.314,3.3543429,-76.5302348,82.0,20.0,38.0,23.0,82.0
326,sesión viernes 25,2019-10-25T19:23:06.314,3.3543788,-76.5302425,83.0,19.0,36.0,23.0,83.0
327,sesión viernes 25,2019-10-25T19:23:07.314,3.3543788,-76.5302425,83.0,18.0,,,83.0
328,sesión viernes 25,2019-10-25T19:23:07.315,3.3543788,-76.5302425,,,32.0,21.0,
329,sesión viernes 25,2019-10-25T19:23:08.314,3.3544489,-76.5302685,82.0,16.0,29.0,19.0,82.0
330,sesión viernes 25,2019-10-25T19:23:09.314,3.3544489,-76.5302685,82.0,15.0,27.0,18.0,82.0
331,sesión viernes 25,2019-10-25T19:23:10.314,3.3545281,-76.5302971,82.0,15.0,26.0,18.0,82.0
332,sesión viernes 25,2019-10-25T19:23:11.314,3.3545608,-76.5303084,82.0,,,,
333,sesión viernes 25,2019-10-25T19:23:11.315,3.3545608,-76.5303084,,13.0,21.0,16.0,82.0
334,sesión viernes 25,2019-10-25T19:23:12.314,3.3545608,-76.5303084,82.0,13.0,22.0,16.0,82.0
335,sesión viernes 25,2019-10-25T19:23:13.314,3.3545633,-76.5302842,82.0,14.0,22.0,16.0,82.0
336,sesión viernes 25,2019-10-25T19:23:14.314,3.3545462,-76.5302478,82.0,13.0,23.0,16.0,82.0
337,sesión viernes 25,2019-10-25T19:23:15.314,3.3545471,-76.5302278,82.0,13.0,23.0,16.0,82.0
338,sesión viernes 25,2019-10-25T19:23:16.314,3.3545471,-76.5302278,82.0,13.0,21.0,16.0,82.0
339,sesión viernes 25,2019-10-25T19:23:17.314,3.3546838,-76.5302734,82.0,13.0,21.0,16.0,82.0
340,sesión viernes 25,2019-10-25T19:23:18.314,3.3546838,-76.5302734,82.0,13.0,22.0,16.0,82.0
341,sesión viernes 25,2019-10-25T19:23:19.314,3.3548431,-76.5302943,82.0,13.0,21.0,16.0,82.0
342,sesión viernes 25,2019-10-25T19:23:20.314,3.3549216,-76.530302,82.0,13.0,21.0,16.0,82.0
343,sesión viernes 25,2019-10-25T19:23:21.314,3.3549216,-76.530302,82.0,12.0,20.0,15.0,82.0
344,sesión viernes 25,2019-10-25T19:23:22.314,3.3550626,-76.530324,82.0,12.0,20.0,15.0,82.0
345,sesión viernes 25,2019-10-25T19:23:23.314,3.3551275,-76.5303312,82.0,11.0,19.0,14.0,82.0
346,sesión viernes 25,2019-10-25T19:23:24.314,3.3551275,-76.5303312,82.0,11.0,19.0,14.0,83.0
347,sesión viernes 25,2019-10-25T19:23:25.314,3.355284,-76.5303545,82.0,11.0,20.0,14.0,83.0
348,sesión viernes 25,2019-10-25T19:23:26.314,3.3553702,-76.5303613,82.0,11.0,20.0,14.0,83.0
349,sesión viernes 25,2019-10-25T19:23:27.314,3.3553702,-76.5303613,82.0,9.0,20.0,14.0,83.0
350,sesión viernes 25,2019-10-25T19:23:28.314,3.3555514,-76.5303722,82.0,10.0,21.0,14.0,83.0
351,sesión viernes 25,2019-10-25T19:23:29.314,3.3556527,-76.5303689,82.0,11.0,22.0,15.0,83.0
352,sesión viernes 25,2019-10-25T19:23:30.314,3.3556527,-76.5303689,82.0,10.0,20.0,14.0,83.0
353,sesión viernes 25,2019-10-25T19:23:31.314,3.3558622,-76.5303606,82.0,10.0,20.0,14.0,84.0
354,sesión viernes 25,2019-10-25T19:23:32.314,3.3559699,-76.5303484,82.0,,,,84.0
355,sesión viernes 25,2019-10-25T19:23:32.315,3.3559699,-76.5303484,,10.0,24.0,14.0,
356,sesión viernes 25,2019-10-25T19:23:33.314,3.3560792,-76.5303377,82.0,10.0,25.0,15.0,84.0
357,sesión viernes 25,2019-10-25T19:23:34.314,3.3560792,-76.5303377,82.0,9.0,23.0,14.0,84.0
358,sesión viernes 25,2019-10-25T19:23:35.314,3.3562819,-76.5303375,82.0,8.0,22.0,12.0,84.0
359,sesión viernes 25,2019-10-25T19:23:36.314,3.3562819,-76.5303375,82.0,8.0,20.0,12.0,84.0
360,sesión viernes 25,2019-10-25T19:23:37.314,3.3564753,-76.5303538,82.0,,,,
361,sesión viernes 25,2019-10-25T19:23:37.315,3.3564753,-76.5303538,,7.0,18.0,11.0,84.0
362,sesión viernes 25,2019-10-25T19:23:38.314,3.3565589,-76.5303582,82.0,7.0,16.0,10.0,84.0
363,sesión viernes 25,2019-10-25T19:23:39.314,3.3566364,-76.5303625,82.0,6.0,15.0,10.0,84.0
364,sesión viernes 25,2019-10-25T19:23:40.314,3.3567263,-76.5303635,82.0,6.0,15.0,10.0,84.0
365,sesión viernes 25,2019-10-25T19:23:41.314,3.3567263,-76.5303635,82.0,6.0,15.0,9.0,84.0
366,sesión viernes 25,2019-10-25T19:23:42.314,3.3569158,-76.5303734,82.0,6.0,15.0,9.0,84.0
367,sesión viernes 25,2019-10-25T19:23:43.314,3.3569158,-76.5303734,82.0,7.0,,10.0,84.0
368,sesión viernes 25,2019-10-25T19:23:43.315,3.3569158,-76.5303734,,,16.0,,
369,sesión viernes 25,2019-10-25T19:23:44.314,3.3571216,-76.5303918,82.0,8.0,19.0,10.0,84.0
370,sesión viernes 25,2019-10-25T19:23:45.314,3.3572298,-76.530397,82.0,12.0,23.0,14.0,84.0
371,sesión viernes 25,2019-10-25T19:23:46.314,3.3573384,-76.5304033,82.0,13.0,24.0,16.0,84.0
372,sesión viernes 25,2019-10-25T19:23:47.314,3.3573384,-76.5304033,82.0,15.0,26.0,16.0,84.0
373,sesión viernes 25,2019-10-25T19:23:48.314,3.3575401,-76.5304238,82.0,16.0,,18.0,84.0
374,sesión viernes 25,2019-10-25T19:23:48.315,3.3575401,-76.5304238,,,28.0,,
375,sesión viernes 25,2019-10-25T19:23:49.311,3.3575401,-76.5304238,82.0,16.0,29.0,18.0,84.0
376,sesión viernes 25,2019-10-25T19:23:49.813,3.3577413,-76.5304431,82.0,17.0,,19.0,84.0
377,sesión viernes 25,2019-10-25T19:23:49.814,3.3577413,-76.5304431,,,31.0,,
378,sesión viernes 25,2019-10-25T19:23:50.812,3.3578446,-76.530448,82.0,18.0,32.0,21.0,84.0
379,sesión viernes 25,2019-10-25T19:23:52.314,3.3578446,-76.530448,82.0,18.0,32.0,21.0,84.0
380,sesión viernes 25,2019-10-25T19:23:53.314,3.3580582,-76.5304604,82.0,18.0,32.0,21.0,84.0
381,sesión viernes 25,2019-10-25T19:23:54.314,3.3581709,-76.5304663,82.0,16.0,29.0,20.0,84.0
382,sesión viernes 25,2019-10-25T19:23:55.314,3.3581709,-76.5304663,82.0,12.0,24.0,16.0,84.0
383,sesión viernes 25,2019-10-25T19:23:56.314,3.3583948,-76.5304734,82.0,,,,83.0
384,sesión viernes 25,2019-10-25T19:23:56.315,3.3583948,-76.5304734,,12.0,24.0,16.0,
385,sesión viernes 25,2019-10-25T19:23:57.314,3.3583948,-76.5304734,82.0,12.0,23.0,16.0,84.0
386,sesión viernes 25,2019-10-25T19:23:58.314,3.3583948,-76.5304734,82.0,12.0,23.0,16.0,84.0
387,sesión viernes 25,2019-10-25T19:23:59.314,3.3583948,-76.5304734,82.0,11.0,21.0,15.0,84.0
388,sesión viernes 25,2019-10-25T19:24:00.314,3.3583948,-76.5304734,82.0,11.0,21.0,15.0,84.0
389,sesión viernes 25,2019-10-25T19:24:01.314,3.3583948,-76.5304734,82.0,11.0,22.0,16.0,83.0
390,sesión viernes 25,2019-10-25T19:24:02.314,3.3583948,-76.5304734,82.0,11.0,21.0,15.0,83.0
391,sesión viernes 25,2019-10-25T19:24:03.314,3.3583948,-76.5304734,82.0,,,,
392,sesión viernes 25,2019-10-25T19:24:03.315,3.3583948,-76.5304734,,11.0,20.0,15.0,83.0
393,sesión viernes 25,2019-10-25T19:24:04.314,3.3583948,-76.5304734,82.0,11.0,20.0,15.0,83.0
394,sesión viernes 25,2019-10-25T19:24:05.314,3.3583948,-76.5304734,82.0,11.0,,,83.0
395,sesión viernes 25,2019-10-25T19:24:05.315,3.3583948,-76.5304734,,,20.0,15.0,
396,sesión viernes 25,2019-10-25T19:24:06.314,3.3583948,-76.5304734,82.0,11.0,20.0,15.0,84.0
397,sesión viernes 25,2019-10-25T19:24:07.314,3.3583948,-76.5304734,82.0,,,,84.0
398,sesión viernes 25,2019-10-25T19:24:07.315,3.3583948,-76.5304734,,11.0,20.0,15.0,
399,sesión viernes 25,2019-10-25T19:24:08.315,3.3583948,-76.5304734,81.0,11.0,20.0,14.0,83.0
400,sesión viernes 25,2019-10-25T19:24:09.314,3.3583948,-76.5304734,82.0,,,,
401,sesión viernes 25,2019-10-25T19:24:09.315,3.3583948,-76.5304734,,11.0,18.0,14.0,84.0
402,sesión viernes 25,2019-10-25T19:24:10.314,3.3583948,-76.5304734,82.0,,,,83.0
403,sesión viernes 25,2019-10-25T19:24:10.315,3.3583948,-76.5304734,,11.0,16.0,14.0,
404,sesión viernes 25,2019-10-25T19:24:11.311,3.3598853,-76.5305533,82.0,12.0,18.0,14.0,84.0
405,sesión viernes 25,2019-10-25T19:24:11.813,3.3598853,-76.5305533,82.0,12.0,18.0,14.0,83.0
406,sesión viernes 25,2019-10-25T19:24:12.812,3.3598853,-76.5305533,82.0,12.0,18.0,14.0,84.0
407,sesión viernes 25,2019-10-25T19:24:13.812,3.3598853,-76.5305533,82.0,,,,
408,sesión viernes 25,2019-10-25T19:24:13.812,3.3598853,-76.5305533,,12.0,18.0,14.0,84.0
409,sesión viernes 25,2019-10-25T19:24:14.812,3.3598853,-76.5305533,82.0,12.0,19.0,14.0,84.0
410,sesión viernes 25,2019-10-25T19:24:15.812,3.3598853,-76.5305533,82.0,12.0,19.0,14.0,84.0
411,sesión viernes 25,2019-10-25T19:24:16.812,3.3603707,-76.5305845,82.0,13.0,,,84.0
412,sesión viernes 25,2019-10-25T19:24:16.812,3.3603707,-76.5305845,,,20.0,15.0,
413,sesión viernes 25,2019-10-25T19:24:17.812,3.3603707,-76.5305845,82.0,13.0,20.0,14.0,84.0
414,sesión viernes 25,2019-10-25T19:24:18.812,3.3603707,-76.5305845,82.0,13.0,20.0,14.0,84.0
415,sesión viernes 25,2019-10-25T19:24:19.812,3.3603707,-76.5305845,82.0,13.0,20.0,15.0,84.0
416,sesión viernes 25,2019-10-25T19:24:20.813,3.3603707,-76.5305845,82.0,,,,84.0
417,sesión viernes 25,2019-10-25T19:24:20.814,3.3603707,-76.5305845,,13.0,20.0,15.0,
418,sesión viernes 25,2019-10-25T19:24:21.812,3.3603707,-76.5305845,82.0,12.0,20.0,14.0,84.0
419,sesión viernes 25,2019-10-25T19:24:22.812,3.3603059,-76.5305854,82.0,,,,
420,sesión viernes 25,2019-10-25T19:24:22.812,3.3603059,-76.5305854,,12.0,20.0,14.0,84.0
421,sesión viernes 25,2019-10-25T19:24:23.812,3.3603059,-76.5305854,82.0,,,,
422,sesión viernes 25,2019-10-25T19:24:23.812,3.3603059,-76.5305854,,14.0,22.0,16.0,84.0
423,sesión viernes 25,2019-10-25T19:24:24.812,3.3603059,-76.5305854,82.0,,,,84.0
424,sesión viernes 25,2019-10-25T19:24:24.812,3.3603059,-76.5305854,,13.0,22.0,15.0,
425,sesión viernes 25,2019-10-25T19:24:25.812,3.3603059,-76.5305854,82.0,13.0,22.0,15.0,84.0
426,sesión viernes 25,2019-10-25T19:24:26.812,3.3603059,-76.5305854,82.0,13.0,24.0,16.0,84.0
427,sesión viernes 25,2019-10-25T19:24:27.812,3.3603059,-76.5305854,82.0,13.0,24.0,16.0,84.0
428,sesión viernes 25,2019-10-25T19:24:28.812,3.3603059,-76.5305854,82.0,16.0,26.0,18.0,84.0
429,sesión viernes 25,2019-10-25T19:24:29.812,3.3603059,-76.5305854,82.0,16.0,26.0,18.0,84.0
430,sesión viernes 25,2019-10-25T19:24:30.812,3.3598208,-76.5305339,82.0,17.0,27.0,18.0,85.0
431,sesión viernes 25,2019-10-25T19:24:31.812,3.3598208,-76.5305339,82.0,16.0,26.0,17.0,84.0
432,sesión viernes 25,2019-10-25T19:24:32.812,3.3598208,-76.5305339,82.0,16.0,26.0,17.0,84.0
433,sesión viernes 25,2019-10-25T19:24:33.812,3.3598208,-76.5305339,82.0,,,,
434,sesión viernes 25,2019-10-25T19:24:33.812,3.3598208,-76.5305339,,15.0,26.0,16.0,85.0
435,sesión viernes 25,2019-10-25T19:24:34.812,3.3598208,-76.5305339,82.0,14.0,25.0,16.0,85.0
436,sesión viernes 25,2019-10-25T19:24:35.812,3.3598208,-76.5305339,82.0,14.0,24.0,16.0,85.0
437,sesión viernes 25,2019-10-25T19:24:36.812,3.3592832,-76.5304615,82.0,14.0,24.0,16.0,85.0
438,sesión viernes 25,2019-10-25T19:24:37.812,3.3592832,-76.5304615,82.0,15.0,25.0,16.0,85.0
439,sesión viernes 25,2019-10-25T19:24:38.812,3.3592832,-76.5304615,82.0,15.0,25.0,16.0,85.0
440,sesión viernes 25,2019-10-25T19:24:39.812,3.3592832,-76.5304615,82.0,15.0,,,84.0
441,sesión viernes 25,2019-10-25T19:24:39.812,3.3592832,-76.5304615,,,25.0,16.0,
442,sesión viernes 25,2019-10-25T19:24:40.812,3.3592832,-76.5304615,82.0,14.0,24.0,16.0,85.0
443,sesión viernes 25,2019-10-25T19:24:41.812,3.3592832,-76.5304615,82.0,14.0,24.0,16.0,85.0
444,sesión viernes 25,2019-10-25T19:24:42.812,3.3587939,-76.530406,82.0,14.0,,16.0,85.0
445,sesión viernes 25,2019-10-25T19:24:42.812,3.3587939,-76.530406,,,24.0,,
446,sesión viernes 25,2019-10-25T19:24:43.812,3.3587939,-76.530406,82.0,14.0,24.0,16.0,85.0
447,sesión viernes 25,2019-10-25T19:24:44.812,3.3587939,-76.530406,82.0,13.0,23.0,15.0,85.0
448,sesión viernes 25,2019-10-25T19:24:45.812,3.3587939,-76.530406,82.0,12.0,21.0,14.0,85.0
449,sesión viernes 25,2019-10-25T19:24:46.812,3.3587939,-76.530406,82.0,,,,85.0
450,sesión viernes 25,2019-10-25T19:24:46.812,3.3587939,-76.530406,,11.0,21.0,14.0,
451,sesión viernes 25,2019-10-25T19:24:47.812,3.3587939,-76.530406,82.0,,,,
452,sesión viernes 25,2019-10-25T19:24:47.813,3.3587939,-76.530406,,13.0,22.0,16.0,85.0
453,sesión viernes 25,2019-10-25T19:24:48.812,3.3584833,-76.530371,82.0,13.0,,16.0,85.0
454,sesión viernes 25,2019-10-25T19:24:48.812,3.3584833,-76.530371,,,23.0,,
455,sesión viernes 25,2019-10-25T19:24:49.812,3.3584833,-76.530371,82.0,,,,85.0
456,sesión viernes 25,2019-10-25T19:24:49.812,3.3584833,-76.530371,,13.0,23.0,16.0,
457,sesión viernes 25,2019-10-25T19:24:50.812,3.3584833,-76.530371,82.0,12.0,22.0,16.0,85.0
458,sesión viernes 25,2019-10-25T19:24:51.812,3.3584833,-76.530371,82.0,12.0,,16.0,85.0
459,sesión viernes 25,2019-10-25T19:24:51.812,3.3584833,-76.530371,,,23.0,,
460,sesión viernes 25,2019-10-25T19:24:52.812,3.3584833,-76.530371,82.0,12.0,21.0,16.0,85.0
461,sesión viernes 25,2019-10-25T19:24:53.812,3.3584833,-76.530371,82.0,,,,
462,sesión viernes 25,2019-10-25T19:24:53.812,3.3584833,-76.530371,,12.0,21.0,15.0,85.0
463,sesión viernes 25,2019-10-25T19:24:54.812,3.3582741,-76.5303502,82.0,12.0,,,85.0
464,sesión viernes 25,2019-10-25T19:24:54.812,3.3582741,-76.5303502,,,21.0,15.0,
465,sesión viernes 25,2019-10-25T19:24:55.812,3.3582741,-76.5303502,82.0,11.0,20.0,14.0,85.0
466,sesión viernes 25,2019-10-25T19:24:57.315,3.3582741,-76.5303502,81.0,11.0,20.0,14.0,85.0
467,sesión viernes 25,2019-10-25T19:24:58.315,3.3582741,-76.5303502,82.0,11.0,20.0,14.0,85.0
468,sesión viernes 25,2019-10-25T19:24:59.315,3.3582741,-76.5303502,82.0,12.0,21.0,15.0,85.0
469,sesión viernes 25,2019-10-25T19:25:00.315,3.3581397,-76.5303381,82.0,12.0,21.0,15.0,85.0
470,sesión viernes 25,2019-10-25T19:25:01.315,3.3581397,-76.5303381,82.0,12.0,,,85.0
471,sesión viernes 25,2019-10-25T19:25:01.316,3.3581397,-76.5303381,,,21.0,15.0,
472,sesión viernes 25,2019-10-25T19:25:02.315,3.3581397,-76.5303381,82.0,12.0,21.0,15.0,85.0
473,sesión viernes 25,2019-10-25T19:25:03.315,3.3581397,-76.5303381,82.0,15.0,24.0,16.0,85.0
474,sesión viernes 25,2019-10-25T19:25:04.315,3.3581397,-76.5303381,82.0,15.0,26.0,17.0,85.0
475,sesión viernes 25,2019-10-25T19:25:05.316,3.3581397,-76.5303381,82.0,15.0,26.0,17.0,85.0
476,sesión viernes 25,2019-10-25T19:25:06.314,3.3637667,-76.5317475,82.0,17.0,29.0,19.0,85.0
477,sesión viernes 25,2019-10-25T19:25:07.311,3.3637662,-76.5317469,82.0,,,,
478,sesión viernes 25,2019-10-25T19:25:07.313,3.3637662,-76.5317469,,17.0,29.0,19.0,85.0
479,sesión viernes 25,2019-10-25T19:25:07.813,3.3637584,-76.5317592,81.0,,,,
480,sesión viernes 25,2019-10-25T19:25:07.814,3.3637584,-76.5317592,,18.0,32.0,20.0,85.0
481,sesión viernes 25,2019-10-25T19:25:08.812,3.3637538,-76.5317633,82.0,,,,
482,sesión viernes 25,2019-10-25T19:25:08.812,3.3637538,-76.5317633,,18.0,32.0,20.0,85.0
483,sesión viernes 25,2019-10-25T19:25:09.812,3.3637467,-76.531767,82.0,19.0,,,85.0
484,sesión viernes 25,2019-10-25T19:25:09.812,3.3637467,-76.531767,,,36.0,21.0,
485,sesión viernes 25,2019-10-25T19:25:10.812,3.3637353,-76.5317731,82.0,,,,
486,sesión viernes 25,2019-10-25T19:25:10.812,3.3637353,-76.5317731,,20.0,38.0,23.0,85.0
487,sesión viernes 25,2019-10-25T19:25:11.813,3.363717,-76.5317778,82.0,20.0,,23.0,85.0
488,sesión viernes 25,2019-10-25T19:25:11.814,3.363717,-76.5317778,,,38.0,,
489,sesión viernes 25,2019-10-25T19:25:12.812,3.363717,-76.5317778,82.0,,,,
490,sesión viernes 25,2019-10-25T19:25:12.813,3.363717,-76.5317778,,20.0,40.0,23.0,85.0
491,sesión viernes 25,2019-10-25T19:25:13.812,3.3637019,-76.5317877,82.0,20.0,,,85.0
492,sesión viernes 25,2019-10-25T19:25:13.812,3.3637019,-76.5317877,,,40.0,23.0,
493,sesión viernes 25,2019-10-25T19:25:14.812,3.3637019,-76.5317877,82.0,,,,
494,sesión viernes 25,2019-10-25T19:25:14.812,3.3637019,-76.5317877,,22.0,43.0,25.0,85.0
495,sesión viernes 25,2019-10-25T19:25:15.812,3.363696,-76.5318055,82.0,,,,
496,sesión viernes 25,2019-10-25T19:25:15.812,3.363696,-76.5318055,,21.0,43.0,25.0,85.0
497,sesión viernes 25,2019-10-25T19:25:16.812,3.3636966,-76.5318114,82.0,,,,
498,sesión viernes 25,2019-10-25T19:25:16.812,3.3636966,-76.5318114,,23.0,45.0,25.0,85.0
499,sesión viernes 25,2019-10-25T19:25:17.812,3.3636966,-76.5318114,82.0,23.0,47.0,27.0,85.0
500,sesión viernes 25,2019-10-25T19:25:18.812,3.3637071,-76.5318226,82.0,,,,
501,sesión viernes 25,2019-10-25T19:25:18.812,3.3637071,-76.5318226,,25.0,47.0,27.0,85.0
502,sesión viernes 25,2019-10-25T19:25:19.812,3.3637253,-76.5318251,82.0,,,,
503,sesión viernes 25,2019-10-25T19:25:19.812,3.3637253,-76.5318251,,26.0,51.0,29.0,85.0
504,sesión viernes 25,2019-10-25T19:25:20.812,3.3637253,-76.5318251,82.0,,,,
505,sesión viernes 25,2019-10-25T19:25:20.812,3.3637253,-76.5318251,,27.0,50.0,30.0,85.0
506,sesión viernes 25,2019-10-25T19:25:21.812,3.3638492,-76.5318127,82.0,27.0,51.0,30.0,85.0
507,sesión viernes 25,2019-10-25T19:25:22.812,3.3639248,-76.5317981,82.0,,,,
508,sesión viernes 25,2019-10-25T19:25:22.812,3.3639248,-76.5317981,,27.0,51.0,30.0,85.0
509,sesión viernes 25,2019-10-25T19:25:23.812,3.3639248,-76.5317981,82.0,,,,85.0
510,sesión viernes 25,2019-10-25T19:25:23.812,3.3639248,-76.5317981,,27.0,49.0,30.0,
511,sesión viernes 25,2019-10-25T19:25:24.812,3.364071,-76.5317625,82.0,26.0,,29.0,85.0
512,sesión viernes 25,2019-10-25T19:25:24.812,3.364071,-76.5317625,,,48.0,,
513,sesión viernes 25,2019-10-25T19:25:25.812,3.3641468,-76.5317333,82.0,,,,85.0
514,sesión viernes 25,2019-10-25T19:25:25.812,3.3641468,-76.5317333,,26.0,49.0,29.0,
515,sesión viernes 25,2019-10-25T19:25:26.812,3.3642167,-76.5317038,82.0,,,,85.0
516,sesión viernes 25,2019-10-25T19:25:26.812,3.3642167,-76.5317038,,26.0,48.0,29.0,
517,sesión viernes 25,2019-10-25T19:25:27.812,3.3642167,-76.5317038,82.0,,,,
518,sesión viernes 25,2019-10-25T19:25:27.812,3.3642167,-76.5317038,,26.0,48.0,29.0,85.0
519,sesión viernes 25,2019-10-25T19:25:28.812,3.3643712,-76.5316356,82.0,,,,
520,sesión viernes 25,2019-10-25T19:25:28.812,3.3643712,-76.5316356,,25.0,47.0,28.0,85.0
521,sesión viernes 25,2019-10-25T19:25:29.812,3.3643712,-76.5316356,82.0,,,,
522,sesión viernes 25,2019-10-25T19:25:29.812,3.3643712,-76.5316356,,25.0,44.0,27.0,85.0
523,sesión viernes 25,2019-10-25T19:25:30.812,3.3645391,-76.5315508,82.0,,,,
524,sesión viernes 25,2019-10-25T19:25:30.812,3.3645391,-76.5315508,,25.0,42.0,27.0,85.0
525,sesión viernes 25,2019-10-25T19:25:31.812,3.3645391,-76.5315508,82.0,,,,
526,sesión viernes 25,2019-10-25T19:25:31.812,3.3645391,-76.5315508,,25.0,42.0,27.0,85.0
527,sesión viernes 25,2019-10-25T19:25:32.812,3.3646992,-76.531454,81.0,26.0,44.0,27.0,85.0
528,sesión viernes 25,2019-10-25T19:25:33.812,3.3646992,-76.531454,82.0,25.0,41.0,26.0,85.0
529,sesión viernes 25,2019-10-25T19:25:34.812,3.3648494,-76.531368,82.0,24.0,40.0,26.0,85.0
530,sesión viernes 25,2019-10-25T19:25:35.812,3.3648494,-76.531368,82.0,22.0,37.0,25.0,85.0
531,sesión viernes 25,2019-10-25T19:25:36.812,3.3649914,-76.5312883,82.0,,,,
532,sesión viernes 25,2019-10-25T19:25:36.812,3.3649914,-76.5312883,,21.0,34.0,24.0,85.0
533,sesión viernes 25,2019-10-25T19:25:37.812,3.3650594,-76.5312534,82.0,,,,
534,sesión viernes 25,2019-10-25T19:25:37.812,3.3650594,-76.5312534,,21.0,36.0,24.0,85.0
535,sesión viernes 25,2019-10-25T19:25:38.812,3.3650594,-76.5312534,82.0,,,,
536,sesión viernes 25,2019-10-25T19:25:38.812,3.3650594,-76.5312534,,21.0,37.0,25.0,85.0
537,sesión viernes 25,2019-10-25T19:25:39.812,3.3652004,-76.5311837,82.0,,,,
538,sesión viernes 25,2019-10-25T19:25:39.812,3.3652004,-76.5311837,,21.0,37.0,25.0,86.0
539,sesión viernes 25,2019-10-25T19:25:40.812,3.3652666,-76.5311481,82.0,21.0,38.0,25.0,86.0
540,sesión viernes 25,2019-10-25T19:25:41.812,3.3652666,-76.5311481,82.0,21.0,34.0,25.0,86.0
541,sesión viernes 25,2019-10-25T19:25:42.812,3.3653864,-76.5310936,82.0,21.0,34.0,25.0,86.0
542,sesión viernes 25,2019-10-25T19:25:43.812,3.3654477,-76.5310686,82.0,,,,86.0
543,sesión viernes 25,2019-10-25T19:25:43.812,3.3654477,-76.5310686,,20.0,34.0,24.0,
544,sesión viernes 25,2019-10-25T19:25:44.812,3.3654477,-76.5310686,82.0,,,,
545,sesión viernes 25,2019-10-25T19:25:44.812,3.3654477,-76.5310686,,20.0,34.0,24.0,86.0
546,sesión viernes 25,2019-10-25T19:25:45.812,3.3654477,-76.5310686,82.0,,,,
547,sesión viernes 25,2019-10-25T19:25:45.812,3.3654477,-76.5310686,,20.0,34.0,24.0,87.0
548,sesión viernes 25,2019-10-25T19:25:46.812,3.3654477,-76.5310686,82.0,20.0,34.0,24.0,86.0
549,sesión viernes 25,2019-10-25T19:25:47.812,3.3656882,-76.5309695,82.0,,,,
550,sesión viernes 25,2019-10-25T19:25:47.812,3.3656882,-76.5309695,,20.0,34.0,24.0,86.0
551,sesión viernes 25,2019-10-25T19:25:48.812,3.3656882,-76.5309695,82.0,20.0,32.0,23.0,86.0
552,sesión viernes 25,2019-10-25T19:25:49.812,3.3656882,-76.5309695,82.0,,,,
553,sesión viernes 25,2019-10-25T19:25:49.812,3.3656882,-76.5309695,,20.0,33.0,23.0,86.0
554,sesión viernes 25,2019-10-25T19:25:50.812,3.3656882,-76.5309695,82.0,,,,
555,sesión viernes 25,2019-10-25T19:25:50.812,3.3656882,-76.5309695,,18.0,32.0,23.0,86.0
556,sesión viernes 25,2019-10-25T19:25:51.812,3.3656882,-76.5309695,82.0,,,,
557,sesión viernes 25,2019-10-25T19:25:51.812,3.3656882,-76.5309695,,19.0,34.0,23.0,86.0
558,sesión viernes 25,2019-10-25T19:25:52.812,3.3656882,-76.5309695,82.0,18.0,33.0,23.0,86.0
559,sesión viernes 25,2019-10-25T19:25:53.812,3.3656882,-76.5309695,82.0,,,,
560,sesión viernes 25,2019-10-25T19:25:53.812,3.3656882,-76.5309695,,17.0,30.0,21.0,86.0
561,sesión viernes 25,2019-10-25T19:25:54.812,3.3656882,-76.5309695,82.0,18.0,31.0,22.0,86.0
562,sesión viernes 25,2019-10-25T19:25:55.812,3.3660584,-76.5306838,81.0,18.0,36.0,23.0,86.0
563,sesión viernes 25,2019-10-25T19:25:56.812,3.366087,-76.5306508,81.0,,,,
564,sesión viernes 25,2019-10-25T19:25:56.812,3.366087,-76.5306508,,17.0,34.0,21.0,86.0
565,sesión viernes 25,2019-10-25T19:25:57.812,3.366087,-76.5306508,82.0,,,,
566,sesión viernes 25,2019-10-25T19:25:57.812,3.366087,-76.5306508,,15.0,33.0,21.0,86.0
567,sesión viernes 25,2019-10-25T19:25:58.812,3.3661726,-76.530601,82.0,,,,
568,sesión viernes 25,2019-10-25T19:25:58.812,3.3661726,-76.530601,,15.0,33.0,21.0,86.0
569,sesión viernes 25,2019-10-25T19:25:59.812,3.3661726,-76.530601,81.0,14.0,,19.0,85.0
570,sesión viernes 25,2019-10-25T19:25:59.813,3.3661726,-76.530601,,,32.0,,
571,sesión viernes 25,2019-10-25T19:26:00.812,3.3662086,-76.5305496,82.0,14.0,32.0,19.0,86.0
572,sesión viernes 25,2019-10-25T19:26:01.812,3.3662468,-76.5305191,81.0,13.0,29.0,18.0,86.0
573,sesión viernes 25,2019-10-25T19:26:02.812,3.3662468,-76.5305191,82.0,,,,
574,sesión viernes 25,2019-10-25T19:26:02.812,3.3662468,-76.5305191,,13.0,29.0,18.0,86.0
575,sesión viernes 25,2019-10-25T19:26:03.812,3.3663524,-76.5304456,82.0,14.0,27.0,17.0,86.0
576,sesión viernes 25,2019-10-25T19:26:04.812,3.3664117,-76.5303983,82.0,15.0,29.0,19.0,86.0
577,sesión viernes 25,2019-10-25T19:26:05.812,3.3664117,-76.5303983,82.0,16.0,30.0,19.0,86.0
578,sesión viernes 25,2019-10-25T19:26:06.812,3.3665104,-76.5303145,82.0,,,,
579,sesión viernes 25,2019-10-25T19:26:06.812,3.3665104,-76.5303145,,16.0,27.0,19.0,86.0
580,sesión viernes 25,2019-10-25T19:26:07.812,3.3665544,-76.5302669,82.0,17.0,29.0,20.0,86.0
581,sesión viernes 25,2019-10-25T19:26:08.812,3.3665983,-76.5302298,82.0,18.0,31.0,21.0,86.0
582,sesión viernes 25,2019-10-25T19:26:09.812,3.3665983,-76.5302298,82.0,18.0,32.0,21.0,85.0
583,sesión viernes 25,2019-10-25T19:26:10.812,3.3666604,-76.5301683,82.0,19.0,32.0,22.0,85.0
584,sesión viernes 25,2019-10-25T19:26:11.812,3.3666604,-76.5301683,82.0,20.0,34.0,23.0,86.0
585,sesión viernes 25,2019-10-25T19:26:12.812,3.3667031,-76.5301226,82.0,19.0,34.0,23.0,85.0
586,sesión viernes 25,2019-10-25T19:26:13.814,3.3667306,-76.5301071,81.0,19.0,36.0,23.0,85.0
587,sesión viernes 25,2019-10-25T19:26:14.812,3.3667306,-76.5301071,82.0,19.0,36.0,23.0,85.0
588,sesión viernes 25,2019-10-25T19:26:15.812,3.3667763,-76.5300698,81.0,18.0,36.0,23.0,85.0
589,sesión viernes 25,2019-10-25T19:26:16.814,3.3667763,-76.5300698,81.0,18.0,37.0,23.0,86.0
590,sesión viernes 25,2019-10-25T19:26:17.812,3.3668086,-76.5300446,82.0,18.0,34.0,22.0,85.0
591,sesión viernes 25,2019-10-25T19:26:18.820,3.366844,-76.530056,82.0,18.0,34.0,22.0,85.0
592,sesión viernes 25,2019-10-25T19:26:20.314,3.366844,-76.530056,82.0,18.0,37.0,23.0,85.0
593,sesión viernes 25,2019-10-25T19:26:21.316,3.3668876,-76.5300353,82.0,18.0,37.0,23.0,85.0
594,sesión viernes 25,2019-10-25T19:26:22.318,3.3668986,-76.5300234,81.0,18.0,36.0,22.0,86.0
595,sesión viernes 25,2019-10-25T19:26:23.815,3.366896,-76.5300238,82.0,,,,86.0
596,sesión viernes 25,2019-10-25T19:26:23.816,3.366896,-76.5300238,82.0,18.0,36.0,22.0,86.0
597,sesión viernes 25,2019-10-25T19:26:23.818,3.366896,-76.5300238,,18.0,34.0,22.0,
598,sesión viernes 25,2019-10-25T19:26:24.815,3.366896,-76.5300238,82.0,17.0,,21.0,86.0
599,sesión viernes 25,2019-10-25T19:26:24.816,3.366896,-76.5300238,,,34.0,,
600,sesión viernes 25,2019-10-25T19:26:25.813,3.366886,-76.530023,82.0,17.0,34.0,21.0,85.0
601,sesión viernes 25,2019-10-25T19:26:26.820,3.3668817,-76.5300221,82.0,16.0,32.0,20.0,86.0
602,sesión viernes 25,2019-10-25T19:26:27.813,3.366878,-76.5300213,82.0,16.0,32.0,20.0,85.0
603,sesión viernes 25,2019-10-25T19:26:29.316,3.366878,-76.5300213,82.0,16.0,31.0,19.0,85.0
604,sesión viernes 25,2019-10-25T19:26:30.318,3.3668691,-76.5300215,82.0,16.0,31.0,19.0,85.0
605,sesión viernes 25,2019-10-25T19:26:32.315,3.3668655,-76.5300201,82.0,15.0,,,85.0
606,sesión viernes 25,2019-10-25T19:26:32.316,3.3668655,-76.5300201,82.0,,28.0,18.0,85.0
607,sesión viernes 25,2019-10-25T19:26:32.317,3.3668655,-76.5300201,,14.0,,,
608,sesión viernes 25,2019-10-25T19:26:32.318,3.3668655,-76.5300201,,,26.0,16.0,
609,sesión viernes 25,2019-10-25T19:26:33.316,3.3668633,-76.5300164,82.0,14.0,26.0,16.0,85.0
610,sesión viernes 25,2019-10-25T19:26:34.319,3.3668633,-76.5300164,81.0,13.0,26.0,16.0,85.0
611,sesión viernes 25,2019-10-25T19:26:35.314,3.3668633,-76.5300164,81.0,13.0,26.0,16.0,85.0
612,sesión viernes 25,2019-10-25T19:26:36.316,3.3668623,-76.5300114,82.0,12.0,26.0,16.0,85.0
613,sesión viernes 25,2019-10-25T19:26:37.315,3.3668682,-76.5300041,82.0,12.0,26.0,16.0,85.0
614,sesión viernes 25,2019-10-25T19:26:38.316,3.3668682,-76.5300041,82.0,12.0,22.0,15.0,85.0
615,sesión viernes 25,2019-10-25T19:26:39.817,3.366878,-76.5299912,82.0,12.0,20.0,14.0,85.0
616,sesión viernes 25,2019-10-25T19:26:40.813,3.366878,-76.5299912,82.0,82.0,12.0,20.0,14.0,85.0,85.0
617,sesión viernes 25,2019-10-25T19:26:40.815,3.366878,-76.5299912,,12.0,,,
618,sesión viernes 25,2019-10-25T19:26:40.816,3.366878,-76.5299912,,,22.0,14.0,
619,sesión viernes 25,2019-10-25T19:26:41.815,3.3668823,-76.5299813,82.0,,,,
620,sesión viernes 25,2019-10-25T19:26:41.816,3.3668823,-76.5299813,,12.0,22.0,14.0,85.0
621,sesión viernes 25,2019-10-25T19:26:42.813,3.3668823,-76.5299813,81.0,13.0,21.0,15.0,85.0
622,sesión viernes 25,2019-10-25T19:26:43.813,3.3668776,-76.5299644,82.0,13.0,21.0,15.0,85.0
623,sesión viernes 25,2019-10-25T19:26:44.813,3.3668776,-76.5299644,81.0,14.0,24.0,16.0,85.0
624,sesión viernes 25,2019-10-25T19:26:45.817,3.3668727,-76.5299564,81.0,15.0,25.0,16.0,85.0
625,sesión viernes 25,2019-10-25T19:26:46.813,3.3668708,-76.5299563,82.0,15.0,25.0,16.0,85.0
626,sesión viernes 25,2019-10-25T19:26:47.813,3.3668708,-76.5299563,82.0,15.0,27.0,18.0,85.0
627,sesión viernes 25,2019-10-25T19:26:48.813,3.3668789,-76.5299804,82.0,15.0,27.0,18.0,85.0
628,sesión viernes 25,2019-10-25T19:26:49.813,3.3668789,-76.5299804,82.0,17.0,30.0,20.0,85.0
629,sesión viernes 25,2019-10-25T19:26:50.813,3.3668812,-76.5299879,82.0,17.0,30.0,20.0,86.0
630,sesión viernes 25,2019-10-25T19:26:51.813,3.3668812,-76.5299879,82.0,19.0,31.0,21.0,85.0
631,sesión viernes 25,2019-10-25T19:26:52.813,3.3668827,-76.5299924,82.0,20.0,,23.0,85.0
632,sesión viernes 25,2019-10-25T19:26:52.814,3.3668827,-76.5299924,,,37.0,,
633,sesión viernes 25,2019-10-25T19:26:53.813,3.3668827,-76.5299924,82.0,21.0,42.0,25.0,85.0
634,sesión viernes 25,2019-10-25T19:26:54.813,3.3668836,-76.5299955,81.0,21.0,43.0,25.0,85.0
635,sesión viernes 25,2019-10-25T19:26:55.812,3.3668836,-76.5299955,82.0,22.0,45.0,25.0,85.0
636,sesión viernes 25,2019-10-25T19:26:56.812,3.3668841,-76.5299976,82.0,21.0,44.0,25.0,85.0
637,sesión viernes 25,2019-10-25T19:26:57.812,3.3668812,-76.5299846,82.0,21.0,45.0,25.0,85.0
638,sesión viernes 25,2019-10-25T19:26:58.812,3.3668812,-76.5299846,81.0,21.0,46.0,26.0,85.0
639,sesión viernes 25,2019-10-25T19:26:59.812,3.3668762,-76.5299628,82.0,21.0,46.0,26.0,85.0
640,sesión viernes 25,2019-10-25T19:27:00.812,3.3668741,-76.5299558,82.0,22.0,48.0,27.0,85.0
641,sesión viernes 25,2019-10-25T19:27:01.812,3.3668741,-76.5299558,82.0,22.0,,,86.0
642,sesión viernes 25,2019-10-25T19:27:01.813,3.3668741,-76.5299558,,,47.0,26.0,
643,sesión viernes 25,2019-10-25T19:27:02.812,3.3668725,-76.5299518,82.0,22.0,46.0,25.0,86.0
644,sesión viernes 25,2019-10-25T19:27:03.812,3.3668725,-76.5299518,82.0,22.0,46.0,26.0,85.0
645,sesión viernes 25,2019-10-25T19:27:04.812,3.3668726,-76.5299532,82.0,22.0,46.0,26.0,85.0
646,sesión viernes 25,2019-10-25T19:27:05.815,3.3668729,-76.5299538,82.0,,,,
647,sesión viernes 25,2019-10-25T19:27:05.816,3.3668729,-76.5299538,,23.0,46.0,27.0,85.0
648,sesión viernes 25,2019-10-25T19:27:06.812,3.3668733,-76.5299543,82.0,23.0,46.0,27.0,85.0
649,sesión viernes 25,2019-10-25T19:27:07.812,3.3668733,-76.5299543,82.0,22.0,44.0,26.0,85.0
650,sesión viernes 25,2019-10-25T19:27:08.812,3.3668739,-76.529955,82.0,22.0,44.0,26.0,85.0
651,sesión viernes 25,2019-10-25T19:27:09.812,3.3668739,-76.529955,82.0,21.0,,25.0,86.0
652,sesión viernes 25,2019-10-25T19:27:09.813,3.3668739,-76.529955,,,42.0,,
653,sesión viernes 25,2019-10-25T19:27:10.812,3.3668737,-76.5299553,82.0,21.0,40.0,25.0,86.0
654,sesión viernes 25,2019-10-25T19:27:11.812,3.3668734,-76.5299553,82.0,21.0,39.0,25.0,85.0
655,sesión viernes 25,2019-10-25T19:27:12.812,3.3668719,-76.5299551,82.0,20.0,36.0,24.0,85.0
656,sesión viernes 25,2019-10-25T19:27:13.812,3.3668719,-76.5299551,82.0,20.0,36.0,24.0,85.0
657,sesión viernes 25,2019-10-25T19:27:14.812,3.366869,-76.5299546,82.0,21.0,34.0,23.0,86.0
658,sesión viernes 25,2019-10-25T19:27:15.812,3.366869,-76.5299546,82.0,21.0,34.0,23.0,86.0
659,sesión viernes 25,2019-10-25T19:27:16.814,3.3668677,-76.5299542,82.0,20.0,,23.0,86.0
660,sesión viernes 25,2019-10-25T19:27:16.815,3.3668677,-76.5299542,,,32.0,,
661,sesión viernes 25,2019-10-25T19:27:17.812,3.3668677,-76.5299542,82.0,19.0,30.0,22.0,85.0
662,sesión viernes 25,2019-10-25T19:27:18.812,3.3668675,-76.5299539,82.0,19.0,28.0,21.0,86.0
663,sesión viernes 25,2019-10-25T19:27:19.812,3.3668675,-76.5299539,82.0,19.0,27.0,21.0,86.0
664,sesión viernes 25,2019-10-25T19:27:20.812,3.3668675,-76.5299539,82.0,19.0,27.0,21.0,86.0
665,sesión viernes 25,2019-10-25T19:27:21.812,3.3668675,-76.5299539,82.0,19.0,26.0,20.0,86.0
666,sesión viernes 25,2019-10-25T19:27:22.812,3.3668675,-76.5299539,82.0,19.0,26.0,20.0,85.0
667,sesión viernes 25,2019-10-25T19:27:23.812,3.3668676,-76.5299538,81.0,19.0,27.0,21.0,86.0
668,sesión viernes 25,2019-10-25T19:27:24.812,3.3668676,-76.5299538,82.0,19.0,28.0,21.0,86.0
669,sesión viernes 25,2019-10-25T19:27:25.812,3.3668676,-76.529954,82.0,19.0,29.0,21.0,86.0
670,sesión viernes 25,2019-10-25T19:27:26.816,3.3668676,-76.529954,82.0,19.0,28.0,21.0,85.0
671,sesión viernes 25,2019-10-25T19:27:27.812,3.3668679,-76.5299545,82.0,19.0,28.0,21.0,86.0
672,sesión viernes 25,2019-10-25T19:27:28.814,3.3668679,-76.5299546,82.0,,,,
673,sesión viernes 25,2019-10-25T19:27:28.815,3.3668679,-76.5299546,,18.0,28.0,21.0,85.0
674,sesión viernes 25,2019-10-25T19:27:29.812,3.3668679,-76.5299546,82.0,18.0,28.0,21.0,85.0
675,sesión viernes 25,2019-10-25T19:27:30.812,3.3668679,-76.5299547,82.0,19.0,29.0,21.0,85.0
676,sesión viernes 25,2019-10-25T19:27:31.812,3.3668679,-76.5299547,82.0,19.0,29.0,21.0,85.0
677,sesión viernes 25,2019-10-25T19:27:32.812,3.3668679,-76.5299547,82.0,18.0,30.0,21.0,85.0
678,sesión viernes 25,2019-10-25T19:27:34.317,3.3668679,-76.5299548,82.0,19.0,31.0,21.0,85.0
679,sesión viernes 25,2019-10-25T19:27:35.315,3.3668679,-76.5299548,82.0,,,,
680,sesión viernes 25,2019-10-25T19:27:35.316,3.3668679,-76.5299548,,19.0,31.0,21.0,85.0
681,sesión viernes 25,2019-10-25T19:27:36.317,3.3668678,-76.529957,82.0,19.0,,,85.0
682,sesión viernes 25,2019-10-25T19:27:36.318,3.3668678,-76.529957,,,32.0,22.0,
683,sesión viernes 25,2019-10-25T19:27:37.315,3.3668678,-76.5299578,82.0,,,,
684,sesión viernes 25,2019-10-25T19:27:37.316,3.3668678,-76.5299578,,19.0,32.0,22.0,85.0
685,sesión viernes 25,2019-10-25T19:27:38.315,3.3668678,-76.529958,82.0,19.0,32.0,21.0,85.0
686,sesión viernes 25,2019-10-25T19:27:39.315,3.3668678,-76.529958,82.0,,,,
687,sesión viernes 25,2019-10-25T19:27:39.316,3.3668678,-76.529958,,19.0,32.0,21.0,85.0
688,sesión viernes 25,2019-10-25T19:27:40.316,3.3668679,-76.5299571,82.0,19.0,31.0,21.0,85.0
689,sesión viernes 25,2019-10-25T19:27:41.315,3.3668679,-76.5299571,82.0,,,,85.0
690,sesión viernes 25,2019-10-25T19:27:41.316,3.3668679,-76.5299571,,18.0,31.0,21.0,
691,sesión viernes 25,2019-10-25T19:27:42.316,3.3668679,-76.529957,82.0,17.0,30.0,20.0,85.0
692,sesión viernes 25,2019-10-25T19:27:44.313,3.366868,-76.5299571,82.0,17.0,27.0,19.0,85.0
693,sesión viernes 25,2019-10-25T19:27:44.819,3.366868,-76.5299571,82.0,,,,
694,sesión viernes 25,2019-10-25T19:27:44.820,3.366868,-76.5299571,82.0,17.0,27.0,19.0,85.0,85.0
695,sesión viernes 25,2019-10-25T19:27:45.313,3.366868,-76.5299571,,19.0,29.0,21.0,
696,sesión viernes 25,2019-10-25T19:27:45.817,3.3668679,-76.5299572,82.0,,,,
697,sesión viernes 25,2019-10-25T19:27:45.818,3.3668679,-76.5299572,,18.0,27.0,19.0,85.0
698,sesión viernes 25,2019-10-25T19:27:46.813,3.3668679,-76.5299572,82.0,,,,
699,sesión viernes 25,2019-10-25T19:27:46.814,3.3668679,-76.5299572,,17.0,27.0,20.0,85.0
700,sesión viernes 25,2019-10-25T19:27:47.813,3.3668677,-76.5299571,82.0,,,,
701,sesión viernes 25,2019-10-25T19:27:47.814,3.3668677,-76.5299571,,16.0,24.0,19.0,85.0
702,sesión viernes 25,2019-10-25T19:27:48.813,3.3668677,-76.5299571,82.0,,,,
703,sesión viernes 25,2019-10-25T19:27:48.814,3.3668677,-76.5299571,,16.0,26.0,19.0,85.0
704,sesión viernes 25,2019-10-25T19:27:49.813,3.3668674,-76.5299569,82.0,,,,
705,sesión viernes 25,2019-10-25T19:27:49.814,3.3668674,-76.5299569,,15.0,26.0,19.0,85.0
706,sesión viernes 25,2019-10-25T19:27:50.813,3.3668674,-76.5299569,82.0,,,,
707,sesión viernes 25,2019-10-25T19:27:50.814,3.3668674,-76.5299569,,14.0,25.0,19.0,85.0
708,sesión viernes 25,2019-10-25T19:27:51.813,3.3668672,-76.5299567,82.0,,,,
709,sesión viernes 25,2019-10-25T19:27:51.814,3.3668672,-76.5299567,,14.0,26.0,19.0,85.0
710,sesión viernes 25,2019-10-25T19:27:53.317,3.3668672,-76.5299566,82.0,14.0,27.0,20.0,85.0
711,sesión viernes 25,2019-10-25T19:27:54.317,3.3668672,-76.5299566,82.0,13.0,25.0,19.0,85.0
712,sesión viernes 25,2019-10-25T19:27:55.317,3.366867,-76.5299564,82.0,13.0,25.0,19.0,85.0
713,sesión viernes 25,2019-10-25T19:27:56.317,3.3668669,-76.5299562,82.0,14.0,27.0,20.0,85.0
714,sesión viernes 25,2019-10-25T19:27:57.317,3.3668668,-76.5299561,82.0,14.0,27.0,20.0,85.0
715,sesión viernes 25,2019-10-25T19:27:58.817,3.3668667,-76.5299558,82.0,14.0,26.0,19.0,85.0
716,sesión viernes 25,2019-10-25T19:27:59.816,3.3668667,-76.5299558,82.0,82.0,14.0,27.0,19.0,85.0,85.0
717,sesión viernes 25,2019-10-25T19:27:59.818,3.3668667,-76.5299558,,15.0,28.0,20.0,
718,sesión viernes 25,2019-10-25T19:28:00.816,3.3668668,-76.5299557,82.0,15.0,28.0,21.0,85.0
719,sesión viernes 25,2019-10-25T19:28:01.814,3.3668668,-76.5299557,82.0,,,,
720,sesión viernes 25,2019-10-25T19:28:01.815,3.3668668,-76.5299557,,15.0,28.0,21.0,85.0
721,sesión viernes 25,2019-10-25T19:28:02.813,3.3668668,-76.5299557,82.0,,,,
722,sesión viernes 25,2019-10-25T19:28:02.814,3.3668668,-76.5299557,,15.0,27.0,20.0,85.0
723,sesión viernes 25,2019-10-25T19:28:03.813,3.3668668,-76.5299557,82.0,,,,
724,sesión viernes 25,2019-10-25T19:28:03.814,3.3668668,-76.5299557,,15.0,,20.0,85.0
725,sesión viernes 25,2019-10-25T19:28:03.815,3.3668668,-76.5299557,,,27.0,,
726,sesión viernes 25,2019-10-25T19:28:04.813,3.3668667,-76.5299557,82.0,,,,
727,sesión viernes 25,2019-10-25T19:28:04.814,3.3668667,-76.5299557,,15.0,27.0,20.0,85.0
728,sesión viernes 25,2019-10-25T19:28:05.814,3.3668667,-76.5299556,82.0,,,,
729,sesión viernes 25,2019-10-25T19:28:05.815,3.3668667,-76.5299556,,14.0,26.0,19.0,85.0
