ObjectID,Session_Name,Timestamp,Latitude,Longitude,Temperatura,PM1,PM10,PM2.5,Humedad
1,panamericana_moto_juliana,2019-11-26T08:01:00.085,3.3577226,-76.5183272,,,,19,
2,panamericana_moto_juliana,2019-11-26T08:01:01.140,3.3577197,-76.5183292,,,,19,
3,panamericana_moto_juliana,2019-11-26T08:01:02.085,3.3577158,-76.5183286,,,,19,
4,panamericana_moto_juliana,2019-11-26T08:01:03.089,3.3577141,-76.5183288,,,,20,
5,panamericana_moto_juliana,2019-11-26T08:01:04.072,3.3577134,-76.5183287,,,,20,
6,panamericana_moto_juliana,2019-11-26T08:01:05.099,3.3577134,-76.5183287,,,33.0,21,
7,panamericana_moto_juliana,2019-11-26T08:01:06.065,3.3577122,-76.5183285,,,,21,
8,panamericana_moto_juliana,2019-11-26T08:01:07.100,3.357711,-76.518329,,,,21,
9,panamericana_moto_juliana,2019-11-26T08:01:08.053,3.3577104,-76.5183295,,,,22,
10,panamericana_moto_juliana,2019-11-26T08:01:09.082,3.3577104,-76.5183295,,,,22,
11,panamericana_moto_juliana,2019-11-26T08:01:10.084,3.3577098,-76.5183303,,,,22,
12,panamericana_moto_juliana,2019-11-26T08:01:11.097,3.3577092,-76.5183311,,,,21,
13,panamericana_moto_juliana,2019-11-26T08:01:12.099,3.3577032,-76.5183313,,,,21,
14,panamericana_moto_juliana,2019-11-26T08:01:13.123,3.3576985,-76.5183309,,,,20,
15,panamericana_moto_juliana,2019-11-26T08:01:14.095,3.3576985,-76.5183309,,,,19,
16,panamericana_moto_juliana,2019-11-26T08:01:15.080,3.3576909,-76.5183289,,,,21,
17,panamericana_moto_juliana,2019-11-26T08:01:16.081,3.3576947,-76.5183266,,,30.0,20,
18,panamericana_moto_juliana,2019-11-26T08:01:17.073,3.3576947,-76.5183266,,,,21,
19,panamericana_moto_juliana,2019-11-26T08:01:18.073,3.3576805,-76.5183166,,,,20,
20,panamericana_moto_juliana,2019-11-26T08:01:19.067,3.3576598,-76.5183075,,,,21,
21,panamericana_moto_juliana,2019-11-26T08:01:20.072,3.3576537,-76.5183034,,,,21,
22,panamericana_moto_juliana,2019-11-26T08:01:21.099,3.3576537,-76.5183034,,,,20,
23,panamericana_moto_juliana,2019-11-26T08:01:22.083,3.3576491,-76.5182996,,,,19,
24,panamericana_moto_juliana,2019-11-26T08:01:23.106,3.3576475,-76.5182983,,,,20,
25,panamericana_moto_juliana,2019-11-26T08:01:24.072,3.3576466,-76.5182968,,,,20,
26,panamericana_moto_juliana,2019-11-26T08:01:25.080,3.3576463,-76.5182963,,,,20,
27,panamericana_moto_juliana,2019-11-26T08:01:26.089,3.3576459,-76.5182961,,15.0,,20,
28,panamericana_moto_juliana,2019-11-26T08:01:27.096,3.3576459,-76.5182961,,,,20,
29,panamericana_moto_juliana,2019-11-26T08:01:28.097,3.3576463,-76.5182965,,,,20,
30,panamericana_moto_juliana,2019-11-26T08:01:29.110,3.357647,-76.5182967,,,,20,
31,panamericana_moto_juliana,2019-11-26T08:01:30.094,3.3576473,-76.518297,,,,19,
32,panamericana_moto_juliana,2019-11-26T08:01:31.098,3.3576473,-76.518297,,,,19,
33,panamericana_moto_juliana,2019-11-26T08:01:32.084,3.3576706,-76.5183029,,,,19,
34,panamericana_moto_juliana,2019-11-26T08:01:33.088,3.3576868,-76.5183073,,,,18,
35,panamericana_moto_juliana,2019-11-26T08:01:34.091,3.3576868,-76.5183073,,,,18,
36,panamericana_moto_juliana,2019-11-26T08:01:35.120,3.3576977,-76.5183094,,,,18,
37,panamericana_moto_juliana,2019-11-26T08:01:36.061,3.3576977,-76.5183094,,,,18,
38,panamericana_moto_juliana,2019-11-26T08:01:37.092,3.3576977,-76.518307,,,26.0,17,
39,panamericana_moto_juliana,2019-11-26T08:01:38.080,3.357685,-76.5183,,,28.0,18,
40,panamericana_moto_juliana,2019-11-26T08:01:39.098,3.357685,-76.5183,,,,18,
41,panamericana_moto_juliana,2019-11-26T08:01:40.097,3.3576843,-76.5182943,,,,19,
42,panamericana_moto_juliana,2019-11-26T08:01:41.074,3.3576843,-76.5182943,,,,19,
43,panamericana_moto_juliana,2019-11-26T08:01:42.147,3.3576864,-76.518291,,,30.0,20,
44,panamericana_moto_juliana,2019-11-26T08:01:43.094,3.3576864,-76.518291,,16.0,29.0,19,
45,panamericana_moto_juliana,2019-11-26T08:01:44.060,3.3576904,-76.518294,,,,19,
46,panamericana_moto_juliana,2019-11-26T08:01:45.129,3.3576984,-76.5182949,,,28.0,20,
47,panamericana_moto_juliana,2019-11-26T08:01:46.104,3.3577016,-76.5182949,,,,21,
48,panamericana_moto_juliana,2019-11-26T08:01:47.068,3.3577016,-76.5182949,,,,21,
49,panamericana_moto_juliana,2019-11-26T08:01:48.068,3.3577058,-76.5182951,,,,21,
50,panamericana_moto_juliana,2019-11-26T08:01:49.100,3.3577106,-76.5182967,,,,21,
51,panamericana_moto_juliana,2019-11-26T08:01:50.110,3.3577133,-76.518298,,,31.0,21,
52,panamericana_moto_juliana,2019-11-26T08:01:51.125,3.3577133,-76.518298,,,,20,
53,panamericana_moto_juliana,2019-11-26T08:01:52.098,3.3577148,-76.5182997,,,,21,
54,panamericana_moto_juliana,2019-11-26T08:01:53.083,3.3577148,-76.5182997,,,,21,
55,panamericana_moto_juliana,2019-11-26T08:01:54.087,3.3577139,-76.5183017,,,,20,
56,panamericana_moto_juliana,2019-11-26T08:01:55.065,3.3577139,-76.5183017,,,,19,
57,panamericana_moto_juliana,2019-11-26T08:01:56.035,3.3577173,-76.5183001,,,,19,
58,panamericana_moto_juliana,2019-11-26T08:01:57.105,3.3577198,-76.5182988,,,,19,
59,panamericana_moto_juliana,2019-11-26T08:01:58.076,3.3577198,-76.5182988,,,,20,
60,panamericana_moto_juliana,2019-11-26T08:01:59.103,3.3577221,-76.5182972,,,,19,
61,panamericana_moto_juliana,2019-11-26T08:02:00.092,3.3577221,-76.5182972,,,,19,
62,panamericana_moto_juliana,2019-11-26T08:02:01.108,3.3577311,-76.5182968,,,,20,
63,panamericana_moto_juliana,2019-11-26T08:02:02.092,3.357741,-76.5182954,,,32.0,20,
64,panamericana_moto_juliana,2019-11-26T08:02:03.068,3.3578202,-76.5182855,,,,20,
65,panamericana_moto_juliana,2019-11-26T08:02:04.073,3.3578202,-76.5182855,,,,19,
66,panamericana_moto_juliana,2019-11-26T08:02:05.074,3.3579764,-76.51827,,,,19,
67,panamericana_moto_juliana,2019-11-26T08:02:06.092,3.3580596,-76.5182648,,,,19,
68,panamericana_moto_juliana,2019-11-26T08:02:07.110,3.3580596,-76.5182648,,,,19,
69,panamericana_moto_juliana,2019-11-26T08:02:08.091,3.3582107,-76.5182445,,,,19,
70,panamericana_moto_juliana,2019-11-26T08:02:09.067,3.3582913,-76.5182429,,,,19,
71,panamericana_moto_juliana,2019-11-26T08:02:10.081,3.3582913,-76.5182429,,,,19,
72,panamericana_moto_juliana,2019-11-26T08:02:11.088,3.3584344,-76.5182363,,,,19,
73,panamericana_moto_juliana,2019-11-26T08:02:12.070,3.3584344,-76.5182363,,,,19,
74,panamericana_moto_juliana,2019-11-26T08:02:13.096,3.3585353,-76.5182349,,,,20,
75,panamericana_moto_juliana,2019-11-26T08:02:14.090,3.358572,-76.5182348,,,,21,
76,panamericana_moto_juliana,2019-11-26T08:02:15.103,3.3585995,-76.5182337,,,,22,
77,panamericana_moto_juliana,2019-11-26T08:02:16.071,3.3585995,-76.5182337,,,,22,
78,panamericana_moto_juliana,2019-11-26T08:02:17.127,3.3586312,-76.5182346,,,33.0,23,
79,panamericana_moto_juliana,2019-11-26T08:02:18.079,3.3586312,-76.5182346,,,,23,
80,panamericana_moto_juliana,2019-11-26T08:02:19.060,3.3586439,-76.5182379,,,,21,
81,panamericana_moto_juliana,2019-11-26T08:02:20.131,3.3586439,-76.5182379,,,,22,
82,panamericana_moto_juliana,2019-11-26T08:02:21.072,3.3586418,-76.5182376,,,,22,
83,panamericana_moto_juliana,2019-11-26T08:02:22.085,3.3586418,-76.5182376,,,,23,
84,panamericana_moto_juliana,2019-11-26T08:02:23.098,3.3586357,-76.5182359,,,,23,
85,panamericana_moto_juliana,2019-11-26T08:02:24.081,3.3586554,-76.5181957,,,,23,
86,panamericana_moto_juliana,2019-11-26T08:02:25.072,3.3586681,-76.5181596,,,,21,
87,panamericana_moto_juliana,2019-11-26T08:02:26.085,3.3586793,-76.5181279,,,,21,
88,panamericana_moto_juliana,2019-11-26T08:02:27.097,3.3587046,-76.5181288,,,,21,
89,panamericana_moto_juliana,2019-11-26T08:02:28.070,3.3587046,-76.5181288,,,,20,
90,panamericana_moto_juliana,2019-11-26T08:02:29.112,3.3587066,-76.5181056,,,,20,
91,panamericana_moto_juliana,2019-11-26T08:02:30.100,3.358697,-76.5180933,,,,21,
92,panamericana_moto_juliana,2019-11-26T08:02:31.081,3.3586786,-76.5180859,,,,21,
93,panamericana_moto_juliana,2019-11-26T08:02:32.085,3.3586786,-76.5180859,,,,21,
94,panamericana_moto_juliana,2019-11-26T08:02:33.081,3.3586761,-76.5180845,,,,21,
95,panamericana_moto_juliana,2019-11-26T08:02:34.094,3.3586761,-76.5180845,,,,21,
96,panamericana_moto_juliana,2019-11-26T08:02:35.095,3.3586726,-76.5180828,,,,21,
97,panamericana_moto_juliana,2019-11-26T08:02:36.083,3.3586717,-76.5180825,,,,21,
98,panamericana_moto_juliana,2019-11-26T08:02:37.074,3.3586708,-76.5180823,,,,20,
99,panamericana_moto_juliana,2019-11-26T08:02:38.075,3.3586704,-76.5180822,,,,20,
100,panamericana_moto_juliana,2019-11-26T08:02:39.048,3.3586704,-76.5180822,,,,20,
101,panamericana_moto_juliana,2019-11-26T08:02:40.107,3.3586698,-76.5180809,,,,20,
102,panamericana_moto_juliana,2019-11-26T08:02:41.068,3.3586693,-76.5180802,,,,20,
103,panamericana_moto_juliana,2019-11-26T08:02:42.094,3.3586693,-76.5180802,,,,20,
104,panamericana_moto_juliana,2019-11-26T08:02:43.095,3.3586686,-76.5180796,,,28.0,21,
105,panamericana_moto_juliana,2019-11-26T08:02:44.095,3.3586686,-76.5180796,,,,20,
106,panamericana_moto_juliana,2019-11-26T08:02:45.117,3.3586677,-76.5180796,,14.0,,20,
107,panamericana_moto_juliana,2019-11-26T08:02:46.067,3.3586675,-76.5180794,,,,20,
108,panamericana_moto_juliana,2019-11-26T08:02:47.058,3.3586588,-76.5180747,,,,20,
109,panamericana_moto_juliana,2019-11-26T08:02:48.094,3.3586588,-76.5180747,,,25.0,19,
110,panamericana_moto_juliana,2019-11-26T08:02:49.101,3.3586626,-76.5180521,,,,20,
111,panamericana_moto_juliana,2019-11-26T08:02:50.096,3.3586626,-76.5180521,,,,19,
112,panamericana_moto_juliana,2019-11-26T08:02:51.058,3.358685,-76.5180365,,,,19,
113,panamericana_moto_juliana,2019-11-26T08:02:52.077,3.358685,-76.5180365,,,,19,
114,panamericana_moto_juliana,2019-11-26T08:02:53.077,3.3586994,-76.5180509,,,,19,
115,panamericana_moto_juliana,2019-11-26T08:02:54.112,3.3586994,-76.5180509,,,,19,
116,panamericana_moto_juliana,2019-11-26T08:02:55.064,3.3586813,-76.518072,,,,20,
117,panamericana_moto_juliana,2019-11-26T08:02:56.100,3.3586813,-76.518072,,,,20,
118,panamericana_moto_juliana,2019-11-26T08:02:57.097,3.3587292,-76.5181932,,,,19,
119,panamericana_moto_juliana,2019-11-26T08:02:58.086,3.3587423,-76.5182582,,,,19,
120,panamericana_moto_juliana,2019-11-26T08:02:59.060,3.3587423,-76.5182582,,,,19,
121,panamericana_moto_juliana,2019-11-26T08:03:00.082,3.3587438,-76.5183766,,,,22,
122,panamericana_moto_juliana,2019-11-26T08:03:01.085,3.3587487,-76.5184432,,,,24,
123,panamericana_moto_juliana,2019-11-26T08:03:02.098,3.3587487,-76.5184432,,,40.0,25,
124,panamericana_moto_juliana,2019-11-26T08:03:03.092,3.3587737,-76.5186122,,,,27,
125,panamericana_moto_juliana,2019-11-26T08:03:04.122,3.3587841,-76.5187078,,,49.0,29,
126,panamericana_moto_juliana,2019-11-26T08:03:05.055,3.3587841,-76.5187078,,,,29,
127,panamericana_moto_juliana,2019-11-26T08:03:06.094,3.3588018,-76.5189003,,,,31,
128,panamericana_moto_juliana,2019-11-26T08:03:07.050,3.3588087,-76.5190047,,,,31,
129,panamericana_moto_juliana,2019-11-26T08:03:08.104,3.3588184,-76.5191127,,,,31,
130,panamericana_moto_juliana,2019-11-26T08:03:09.064,3.3588275,-76.5192253,,,,29,
131,panamericana_moto_juliana,2019-11-26T08:03:10.068,3.3588275,-76.5192253,,,,29,
132,panamericana_moto_juliana,2019-11-26T08:03:11.119,3.3588354,-76.5194554,,,,27,
133,panamericana_moto_juliana,2019-11-26T08:03:12.099,3.3588391,-76.5195733,,,,28,
134,panamericana_moto_juliana,2019-11-26T08:03:13.097,3.3588391,-76.5195733,,,,27,
135,panamericana_moto_juliana,2019-11-26T08:03:14.069,3.3588522,-76.5198113,,,,27,
136,panamericana_moto_juliana,2019-11-26T08:03:15.117,3.3588561,-76.5199243,,,,25,
137,panamericana_moto_juliana,2019-11-26T08:03:16.084,3.3588561,-76.5199243,,,,23,
138,panamericana_moto_juliana,2019-11-26T08:03:17.098,3.3588761,-76.5201442,,,,23,
139,panamericana_moto_juliana,2019-11-26T08:03:18.071,3.3588883,-76.5202568,,,,21,
140,panamericana_moto_juliana,2019-11-26T08:03:19.087,3.3588883,-76.5202568,,,,21,
141,panamericana_moto_juliana,2019-11-26T08:03:20.107,3.3589077,-76.5204788,,,34.0,22,
142,panamericana_moto_juliana,2019-11-26T08:03:21.130,3.3589077,-76.5204788,,,,23,
143,panamericana_moto_juliana,2019-11-26T08:03:22.100,3.3589289,-76.5206947,,,,23,
144,panamericana_moto_juliana,2019-11-26T08:03:23.108,3.3589412,-76.5208063,,,,25,
145,panamericana_moto_juliana,2019-11-26T08:03:24.096,3.3589516,-76.5209194,,,,24,
146,panamericana_moto_juliana,2019-11-26T08:03:25.084,3.3589516,-76.5209194,,,,26,
147,panamericana_moto_juliana,2019-11-26T08:03:26.105,3.3589732,-76.5211373,,,,27,
148,panamericana_moto_juliana,2019-11-26T08:03:27.075,3.3589732,-76.5211373,,,,27,
149,panamericana_moto_juliana,2019-11-26T08:03:28.083,3.3589899,-76.5213583,,,,28,
150,panamericana_moto_juliana,2019-11-26T08:03:29.074,3.3589961,-76.5214658,,,,28,
151,panamericana_moto_juliana,2019-11-26T08:03:30.087,3.3589966,-76.521569,,,,27,
152,panamericana_moto_juliana,2019-11-26T08:03:31.101,3.3589966,-76.521569,,,,26,
153,panamericana_moto_juliana,2019-11-26T08:03:32.081,3.3590112,-76.5217796,,,,26,
154,panamericana_moto_juliana,2019-11-26T08:03:33.091,3.3590186,-76.5218886,,,,25,
155,panamericana_moto_juliana,2019-11-26T08:03:34.085,3.3590186,-76.5218886,,,,25,
156,panamericana_moto_juliana,2019-11-26T08:03:35.058,3.3590345,-76.5221068,,,,25,
157,panamericana_moto_juliana,2019-11-26T08:03:36.091,3.3590502,-76.5222197,,,,25,
158,panamericana_moto_juliana,2019-11-26T08:03:37.111,3.3590502,-76.5222197,,,,25,
159,panamericana_moto_juliana,2019-11-26T08:03:38.094,3.3590696,-76.5224462,,,,25,
160,panamericana_moto_juliana,2019-11-26T08:03:39.108,3.3590761,-76.5225612,,,,25,
161,panamericana_moto_juliana,2019-11-26T08:03:40.088,3.3590761,-76.5225612,,,39.0,25,
162,panamericana_moto_juliana,2019-11-26T08:03:41.092,3.3590908,-76.5227893,,,,25,
163,panamericana_moto_juliana,2019-11-26T08:03:42.077,3.3590974,-76.5229061,,,,25,
164,panamericana_moto_juliana,2019-11-26T08:03:43.086,3.3590974,-76.5229061,,,,25,
165,panamericana_moto_juliana,2019-11-26T08:03:44.067,3.3591112,-76.5231283,,21.0,,27,
166,panamericana_moto_juliana,2019-11-26T08:03:45.088,3.3591188,-76.5232406,,,,27,
167,panamericana_moto_juliana,2019-11-26T08:03:46.060,3.3591268,-76.5233486,,,,28,
168,panamericana_moto_juliana,2019-11-26T08:03:47.088,3.3591268,-76.5233486,,,,27,
169,panamericana_moto_juliana,2019-11-26T08:03:48.104,3.3591371,-76.523535,,,,27,
170,panamericana_moto_juliana,2019-11-26T08:03:49.089,3.3591371,-76.523535,,,,27,
171,panamericana_moto_juliana,2019-11-26T08:03:50.067,3.3591459,-76.5236121,,,,27,
172,panamericana_moto_juliana,2019-11-26T08:03:51.088,3.3591512,-76.5236428,,,,27,
173,panamericana_moto_juliana,2019-11-26T08:03:52.047,3.3591567,-76.5236797,,,,26,
174,panamericana_moto_juliana,2019-11-26T08:03:53.126,3.3591567,-76.5236797,,,,25,
175,panamericana_moto_juliana,2019-11-26T08:03:54.091,3.3591516,-76.5237615,,,,25,
176,panamericana_moto_juliana,2019-11-26T08:03:55.072,3.3591516,-76.5237615,,,,25,
177,panamericana_moto_juliana,2019-11-26T08:03:56.065,3.3591402,-76.5238275,,,,23,
178,panamericana_moto_juliana,2019-11-26T08:03:57.065,3.3591402,-76.5238129,,,,23,
179,panamericana_moto_juliana,2019-11-26T08:03:58.057,3.3591394,-76.5238392,,,,22,
180,panamericana_moto_juliana,2019-11-26T08:03:59.059,3.3591408,-76.5238665,,,,22,
181,panamericana_moto_juliana,2019-11-26T08:04:00.107,3.3591408,-76.5238665,,,,21,
182,panamericana_moto_juliana,2019-11-26T08:04:01.064,3.3591435,-76.5238866,,,,21,
183,panamericana_moto_juliana,2019-11-26T08:04:02.087,3.3591451,-76.5238928,,,,21,
184,panamericana_moto_juliana,2019-11-26T08:04:03.095,3.359142,-76.5238945,,,,19,
185,panamericana_moto_juliana,2019-11-26T08:04:04.044,3.3591473,-76.523905,,,,19,
186,panamericana_moto_juliana,2019-11-26T08:04:05.095,3.3591473,-76.523905,,,,19,
187,panamericana_moto_juliana,2019-11-26T08:04:06.105,3.3592324,-76.5239256,,,,19,
188,panamericana_moto_juliana,2019-11-26T08:04:07.089,3.3592324,-76.5239256,,,,20,
189,panamericana_moto_juliana,2019-11-26T08:04:08.073,3.3593653,-76.5239398,,,,21,
190,panamericana_moto_juliana,2019-11-26T08:04:09.110,3.3593653,-76.5239398,,,,22,
191,panamericana_moto_juliana,2019-11-26T08:04:10.042,3.3595113,-76.5239588,,,,23,
192,panamericana_moto_juliana,2019-11-26T08:04:11.064,3.359594,-76.5239687,,,,24,
193,panamericana_moto_juliana,2019-11-26T08:04:12.088,3.359594,-76.5239687,,19.0,,25,
194,panamericana_moto_juliana,2019-11-26T08:04:13.053,3.3597596,-76.5239842,,,,25,
195,panamericana_moto_juliana,2019-11-26T08:04:14.114,3.3598418,-76.5239944,,,,25,
196,panamericana_moto_juliana,2019-11-26T08:04:15.081,3.3598418,-76.5239944,,,,27,
197,panamericana_moto_juliana,2019-11-26T08:04:16.087,3.3600062,-76.5240118,,,,27,
198,panamericana_moto_juliana,2019-11-26T08:04:17.088,3.3600062,-76.5240118,,,51.0,28,
199,panamericana_moto_juliana,2019-11-26T08:04:18.113,3.3601699,-76.5240305,,,52.0,29,
200,panamericana_moto_juliana,2019-11-26T08:04:19.088,3.3601699,-76.5240305,,,,28,
201,panamericana_moto_juliana,2019-11-26T08:04:20.094,3.3603429,-76.5240271,,,,28,
202,panamericana_moto_juliana,2019-11-26T08:04:21.079,3.3603429,-76.5240271,,,,27,
203,panamericana_moto_juliana,2019-11-26T08:04:22.102,3.3605158,-76.5239972,,,50.0,27,
204,panamericana_moto_juliana,2019-11-26T08:04:23.085,3.360606,-76.5239955,,,48.0,27,
205,panamericana_moto_juliana,2019-11-26T08:04:24.110,3.3606978,-76.5240051,,,,27,
206,panamericana_moto_juliana,2019-11-26T08:04:25.077,3.3606978,-76.5240051,,,,26,
207,panamericana_moto_juliana,2019-11-26T08:04:26.118,3.3608748,-76.5240223,,,,25,
208,panamericana_moto_juliana,2019-11-26T08:04:27.071,3.3609638,-76.5240317,,,,24,
209,panamericana_moto_juliana,2019-11-26T08:04:28.101,3.3609638,-76.5240317,,,,25,
210,panamericana_moto_juliana,2019-11-26T08:04:29.076,3.361129,-76.5240549,,,,28,
211,panamericana_moto_juliana,2019-11-26T08:04:30.085,3.3612163,-76.5240657,,,,29,
212,panamericana_moto_juliana,2019-11-26T08:04:31.081,3.3612163,-76.5240657,,,,29,
213,panamericana_moto_juliana,2019-11-26T08:04:32.087,3.3613779,-76.5240857,,,55.0,30,
214,panamericana_moto_juliana,2019-11-26T08:04:33.097,3.3614556,-76.5240977,,,,33,
215,panamericana_moto_juliana,2019-11-26T08:04:34.087,3.3614556,-76.5240977,,,,34,
216,panamericana_moto_juliana,2019-11-26T08:04:35.101,3.3616078,-76.5241118,,,,35,
217,panamericana_moto_juliana,2019-11-26T08:04:36.058,3.3616846,-76.5241193,,,,36,
218,panamericana_moto_juliana,2019-11-26T08:04:37.088,3.3616846,-76.5241193,,,,36,
219,panamericana_moto_juliana,2019-11-26T08:04:38.099,3.3618299,-76.5241219,,,,35,
220,panamericana_moto_juliana,2019-11-26T08:04:39.065,3.3618299,-76.5241219,,,,35,
221,panamericana_moto_juliana,2019-11-26T08:04:40.101,3.3619704,-76.5240979,,,,35,
222,panamericana_moto_juliana,2019-11-26T08:04:41.084,3.3620385,-76.5240859,,,,35,
223,panamericana_moto_juliana,2019-11-26T08:04:42.103,3.3620385,-76.5240859,,,,34,
224,panamericana_moto_juliana,2019-11-26T08:04:43.087,3.3621657,-76.52408,,,,33,
225,panamericana_moto_juliana,2019-11-26T08:04:44.087,3.3621657,-76.52408,,,,33,
226,panamericana_moto_juliana,2019-11-26T08:04:45.060,3.3622775,-76.5240796,,,,33,
227,panamericana_moto_juliana,2019-11-26T08:04:46.091,3.3622775,-76.5240796,,,,33,
228,panamericana_moto_juliana,2019-11-26T08:04:47.099,3.362396,-76.5240828,,,,31,
229,panamericana_moto_juliana,2019-11-26T08:04:48.114,3.3624589,-76.5240838,,,,31,
230,panamericana_moto_juliana,2019-11-26T08:04:49.075,3.3625156,-76.5240831,,,,34,
231,panamericana_moto_juliana,2019-11-26T08:04:50.101,3.3625156,-76.5240831,,,,36,
232,panamericana_moto_juliana,2019-11-26T08:04:51.114,3.3626148,-76.5240967,,,,36,
233,panamericana_moto_juliana,2019-11-26T08:04:52.051,3.3626703,-76.5241004,,,,36,
234,panamericana_moto_juliana,2019-11-26T08:04:53.099,3.3627299,-76.5241019,,,,36,
235,panamericana_moto_juliana,2019-11-26T08:04:54.088,3.3627299,-76.5241019,,,,40,
236,panamericana_moto_juliana,2019-11-26T08:04:55.095,3.3628439,-76.5241019,,,,39,
237,panamericana_moto_juliana,2019-11-26T08:04:56.098,3.3628439,-76.5241019,,,,40,
238,panamericana_moto_juliana,2019-11-26T08:04:57.061,3.3629653,-76.5241006,,,,38,
239,panamericana_moto_juliana,2019-11-26T08:04:58.121,3.363031,-76.5241063,,,,37,
240,panamericana_moto_juliana,2019-11-26T08:04:59.084,3.3630929,-76.5241104,,,58.0,31,
241,panamericana_moto_juliana,2019-11-26T08:05:00.080,3.3631583,-76.5241151,,,,31,
242,panamericana_moto_juliana,2019-11-26T08:05:01.071,3.3632176,-76.5241155,,,,30,
243,panamericana_moto_juliana,2019-11-26T08:05:02.084,3.3632176,-76.5241155,,,,30,
244,panamericana_moto_juliana,2019-11-26T08:05:03.089,3.3633049,-76.5241178,,,,30,
245,panamericana_moto_juliana,2019-11-26T08:05:04.088,3.3633049,-76.5241178,,,,30,
246,panamericana_moto_juliana,2019-11-26T08:05:05.073,3.3634034,-76.5241133,,,,29,
247,panamericana_moto_juliana,2019-11-26T08:05:06.084,3.3634034,-76.5241133,,,,27,
248,panamericana_moto_juliana,2019-11-26T08:05:07.086,3.3634777,-76.5241081,,,,27,
249,panamericana_moto_juliana,2019-11-26T08:05:08.080,3.3634777,-76.5241081,,,,26,
250,panamericana_moto_juliana,2019-11-26T08:05:09.119,3.3635615,-76.5241136,,,,26,
251,panamericana_moto_juliana,2019-11-26T08:05:10.080,3.3635615,-76.5241136,,,,26,
252,panamericana_moto_juliana,2019-11-26T08:05:11.081,3.3636372,-76.5241228,,,,26,
253,panamericana_moto_juliana,2019-11-26T08:05:12.071,3.3636614,-76.524125,,,,25,
254,panamericana_moto_juliana,2019-11-26T08:05:13.072,3.3636614,-76.524125,,,37.0,24,
255,panamericana_moto_juliana,2019-11-26T08:05:14.104,3.3636847,-76.5241204,,,37.0,25,
256,panamericana_moto_juliana,2019-11-26T08:05:15.096,3.3636992,-76.5241147,,,,25,
257,panamericana_moto_juliana,2019-11-26T08:05:16.105,3.3636992,-76.5241147,,,,24,
258,panamericana_moto_juliana,2019-11-26T08:05:17.077,3.3637112,-76.5240984,,,,25,
259,panamericana_moto_juliana,2019-11-26T08:05:18.082,3.3637112,-76.5240984,,,,25,
260,panamericana_moto_juliana,2019-11-26T08:05:19.073,3.3637456,-76.5240782,,,,25,
261,panamericana_moto_juliana,2019-11-26T08:05:20.089,3.3637456,-76.5240782,,,,25,
262,panamericana_moto_juliana,2019-11-26T08:05:21.073,3.3637797,-76.5240688,,20.0,,24,
263,panamericana_moto_juliana,2019-11-26T08:05:22.072,3.3638006,-76.5240658,,,,24,
264,panamericana_moto_juliana,2019-11-26T08:05:23.086,3.3638334,-76.5240654,,,,25,
265,panamericana_moto_juliana,2019-11-26T08:05:24.080,3.3638334,-76.5240654,,,45.0,25,
266,panamericana_moto_juliana,2019-11-26T08:05:25.088,3.3639181,-76.5240742,,,,25,
267,panamericana_moto_juliana,2019-11-26T08:05:26.095,3.3639687,-76.5240832,,,,26,
268,panamericana_moto_juliana,2019-11-26T08:05:27.090,3.3639687,-76.5240832,,,45.0,26,
269,panamericana_moto_juliana,2019-11-26T08:05:28.074,3.3640452,-76.524097,,,,27,
270,panamericana_moto_juliana,2019-11-26T08:05:29.067,3.3640942,-76.5241098,,,,27,
271,panamericana_moto_juliana,2019-11-26T08:05:30.098,3.3640942,-76.5241098,,,,27,
272,panamericana_moto_juliana,2019-11-26T08:05:31.082,3.364192,-76.5241387,,,47.0,27,
273,panamericana_moto_juliana,2019-11-26T08:05:32.100,3.3642444,-76.5241524,,,,27,
274,panamericana_moto_juliana,2019-11-26T08:05:33.095,3.3642444,-76.5241524,,,,27,
275,panamericana_moto_juliana,2019-11-26T08:05:34.104,3.3643288,-76.5241696,,,,27,
276,panamericana_moto_juliana,2019-11-26T08:05:35.084,3.3643733,-76.5241804,,,49.0,29,
277,panamericana_moto_juliana,2019-11-26T08:05:36.051,3.3643733,-76.5241804,,,,29,
278,panamericana_moto_juliana,2019-11-26T08:05:37.099,3.3644326,-76.5241959,,,,29,
279,panamericana_moto_juliana,2019-11-26T08:05:38.085,3.3645104,-76.5242209,,,,28,
280,panamericana_moto_juliana,2019-11-26T08:05:39.077,3.3645525,-76.5242332,,,,28,
281,panamericana_moto_juliana,2019-11-26T08:05:40.089,3.3645903,-76.5242464,,,,29,
282,panamericana_moto_juliana,2019-11-26T08:05:41.099,3.3646279,-76.5242598,,,49.0,29,
283,panamericana_moto_juliana,2019-11-26T08:05:42.097,3.3646279,-76.5242598,,,,29,
284,panamericana_moto_juliana,2019-11-26T08:05:43.024,3.3646829,-76.5242799,,25.0,,29,
285,panamericana_moto_juliana,2019-11-26T08:05:44.071,3.3647355,-76.5242982,,,,29,
286,panamericana_moto_juliana,2019-11-26T08:05:45.111,3.3647643,-76.5243088,,,,28,
287,panamericana_moto_juliana,2019-11-26T08:05:46.085,3.3647912,-76.524318,,,,28,
288,panamericana_moto_juliana,2019-11-26T08:05:47.049,3.3648189,-76.5243284,,,,27,
289,panamericana_moto_juliana,2019-11-26T08:05:48.085,3.3648189,-76.5243284,,,,27,
290,panamericana_moto_juliana,2019-11-26T08:05:49.102,3.3648618,-76.5243405,,,,27,
291,panamericana_moto_juliana,2019-11-26T08:05:50.070,3.3648618,-76.5243405,,,,27,
292,panamericana_moto_juliana,2019-11-26T08:05:51.064,3.3649133,-76.5243422,,,,27,
293,panamericana_moto_juliana,2019-11-26T08:05:52.050,3.3649133,-76.5243422,,,,27,
294,panamericana_moto_juliana,2019-11-26T08:05:53.073,3.3649584,-76.524359,,,,28,
295,panamericana_moto_juliana,2019-11-26T08:05:54.070,3.3649584,-76.524359,,,66.0,36,
296,panamericana_moto_juliana,2019-11-26T08:05:55.040,3.3650098,-76.5243768,,,,40,
297,panamericana_moto_juliana,2019-11-26T08:05:56.073,3.3650278,-76.524367,,,,41,
298,panamericana_moto_juliana,2019-11-26T08:05:57.082,3.3650476,-76.5243765,,,,44,
299,panamericana_moto_juliana,2019-11-26T08:05:58.053,3.3650769,-76.5243803,,,,47,
300,panamericana_moto_juliana,2019-11-26T08:05:59.026,3.3650769,-76.5243803,,,,49,
301,panamericana_moto_juliana,2019-11-26T08:06:00.041,3.3651264,-76.5243882,,,,51,
302,panamericana_moto_juliana,2019-11-26T08:06:01.233,3.3651264,-76.5243882,,,,52,
303,panamericana_moto_juliana,2019-11-26T08:06:02.026,3.3651808,-76.5243984,,,,53,
304,panamericana_moto_juliana,2019-11-26T08:06:03.070,3.3651808,-76.5243984,,,,51,
305,panamericana_moto_juliana,2019-11-26T08:06:04.074,3.3652167,-76.5244025,,,,41,
306,panamericana_moto_juliana,2019-11-26T08:06:05.115,3.3652453,-76.5244101,,,,38,
307,panamericana_moto_juliana,2019-11-26T08:06:06.071,3.3652453,-76.5244101,,,,38,
308,panamericana_moto_juliana,2019-11-26T08:06:07.057,3.3652731,-76.5244225,,,,36,
309,panamericana_moto_juliana,2019-11-26T08:06:08.090,3.36529,-76.524429,,,67.0,36,
310,panamericana_moto_juliana,2019-11-26T08:06:09.066,3.36533,-76.5244442,,,,36,
311,panamericana_moto_juliana,2019-11-26T08:06:10.035,3.36533,-76.5244442,,,,35,
312,panamericana_moto_juliana,2019-11-26T08:06:11.091,3.3653626,-76.5244591,,,,33,
313,panamericana_moto_juliana,2019-11-26T08:06:12.041,3.365389,-76.5244669,,,,31,
314,panamericana_moto_juliana,2019-11-26T08:06:13.155,3.365389,-76.5244669,,,,30,
315,panamericana_moto_juliana,2019-11-26T08:06:14.095,3.3654446,-76.5244816,,,,27,
316,panamericana_moto_juliana,2019-11-26T08:06:15.087,3.3654446,-76.5244816,,,46.0,27,
317,panamericana_moto_juliana,2019-11-26T08:06:16.081,3.3654917,-76.5244879,,,,27,
318,panamericana_moto_juliana,2019-11-26T08:06:17.228,3.3654917,-76.5244879,,,,29,
319,panamericana_moto_juliana,2019-11-26T08:06:18.053,3.3655359,-76.5244951,,,,29,
320,panamericana_moto_juliana,2019-11-26T08:06:19.047,3.3655523,-76.5244963,,,,28,
321,panamericana_moto_juliana,2019-11-26T08:06:20.102,3.3655523,-76.5244963,,,,27,
322,panamericana_moto_juliana,2019-11-26T08:06:21.098,3.3655837,-76.5244915,,,,27,
323,panamericana_moto_juliana,2019-11-26T08:06:22.071,3.3655926,-76.5244897,,,,27,
324,panamericana_moto_juliana,2019-11-26T08:06:23.092,3.3655971,-76.5244884,,,,26,
325,panamericana_moto_juliana,2019-11-26T08:06:24.084,3.3655971,-76.5244884,,,,26,
326,panamericana_moto_juliana,2019-11-26T08:06:25.066,3.3656283,-76.5244922,,,,26,
327,panamericana_moto_juliana,2019-11-26T08:06:26.070,3.3656493,-76.5244986,,,,26,
328,panamericana_moto_juliana,2019-11-26T08:06:27.073,3.3656671,-76.5245027,,,,26,
329,panamericana_moto_juliana,2019-11-26T08:06:28.076,3.3657007,-76.5245069,,,,25,
330,panamericana_moto_juliana,2019-11-26T08:06:29.096,3.3657007,-76.5245069,,,,26,
331,panamericana_moto_juliana,2019-11-26T08:06:30.076,3.3657339,-76.5245115,,,,27,
332,panamericana_moto_juliana,2019-11-26T08:06:31.068,3.3657339,-76.5245115,,,,27,
333,panamericana_moto_juliana,2019-11-26T08:06:32.098,3.3657614,-76.5245209,,,,27,
334,panamericana_moto_juliana,2019-11-26T08:06:33.126,3.3657614,-76.5245209,,,,28,
335,panamericana_moto_juliana,2019-11-26T08:06:34.084,3.3658086,-76.5245356,,,,35,
336,panamericana_moto_juliana,2019-11-26T08:06:35.064,3.3658086,-76.5245356,,,,73,
337,panamericana_moto_juliana,2019-11-26T08:06:36.114,3.365885,-76.524549,,,,102,
338,panamericana_moto_juliana,2019-11-26T08:06:37.097,3.3659233,-76.5245526,,,,115,
339,panamericana_moto_juliana,2019-11-26T08:06:38.058,3.3659233,-76.5245526,,,,151,
340,panamericana_moto_juliana,2019-11-26T08:06:39.082,3.3660194,-76.5245705,,,,162,
341,panamericana_moto_juliana,2019-11-26T08:06:40.058,3.3660194,-76.5245705,,282.0,,171,
342,panamericana_moto_juliana,2019-11-26T08:06:41.114,3.3661376,-76.5245893,,,,177,
343,panamericana_moto_juliana,2019-11-26T08:06:42.089,3.366197,-76.524595,,300.0,,178,
344,panamericana_moto_juliana,2019-11-26T08:06:43.084,3.366197,-76.524595,,,,173,
345,panamericana_moto_juliana,2019-11-26T08:06:44.049,3.3662958,-76.5246026,,,,150,
346,panamericana_moto_juliana,2019-11-26T08:06:45.100,3.3663329,-76.5246052,,,,131,
347,panamericana_moto_juliana,2019-11-26T08:06:46.074,3.36637,-76.5246059,,,,116,
348,panamericana_moto_juliana,2019-11-26T08:06:47.069,3.36637,-76.5246059,,,,104,
349,panamericana_moto_juliana,2019-11-26T08:06:48.103,3.3664384,-76.5246158,,,,71,
350,panamericana_moto_juliana,2019-11-26T08:06:49.083,3.3664384,-76.5246158,,,,49,
351,panamericana_moto_juliana,2019-11-26T08:06:50.060,3.3665098,-76.5246279,,,,38,
352,panamericana_moto_juliana,2019-11-26T08:06:51.058,3.3665454,-76.5246281,,,,37,
353,panamericana_moto_juliana,2019-11-26T08:06:52.101,3.3665454,-76.5246281,,,,37,
354,panamericana_moto_juliana,2019-11-26T08:06:53.098,3.3666162,-76.5246308,,,,34,
355,panamericana_moto_juliana,2019-11-26T08:06:54.074,3.3666519,-76.5246372,,,,33,
356,panamericana_moto_juliana,2019-11-26T08:06:55.082,3.3666519,-76.5246372,,,,34,
357,panamericana_moto_juliana,2019-11-26T08:06:56.080,3.3667163,-76.5246436,,,,34,
358,panamericana_moto_juliana,2019-11-26T08:06:57.066,3.3667163,-76.5246436,,,,35,
359,panamericana_moto_juliana,2019-11-26T08:06:58.100,3.3667787,-76.5246449,,,,35,
360,panamericana_moto_juliana,2019-11-26T08:06:59.075,3.3667787,-76.5246449,,,,35,
361,panamericana_moto_juliana,2019-11-26T08:07:00.087,3.3668394,-76.5246503,,,,34,
362,panamericana_moto_juliana,2019-11-26T08:07:01.063,3.366868,-76.5246532,,,,34,
363,panamericana_moto_juliana,2019-11-26T08:07:02.067,3.366868,-76.5246532,,,,34,
364,panamericana_moto_juliana,2019-11-26T08:07:03.086,3.3669213,-76.5246611,,,,34,
365,panamericana_moto_juliana,2019-11-26T08:07:04.079,3.3669585,-76.5246659,,,,32,
366,panamericana_moto_juliana,2019-11-26T08:07:05.070,3.3669585,-76.5246659,,,,31,
367,panamericana_moto_juliana,2019-11-26T08:07:06.084,3.3669908,-76.5246693,,,,30,
368,panamericana_moto_juliana,2019-11-26T08:07:07.050,3.3670169,-76.5246771,,,,29,
369,panamericana_moto_juliana,2019-11-26T08:07:08.101,3.3670169,-76.5246771,,,,29,
370,panamericana_moto_juliana,2019-11-26T08:07:09.101,3.3670663,-76.5246862,,,,29,
371,panamericana_moto_juliana,2019-11-26T08:07:10.070,3.3670663,-76.5246862,,,,29,
372,panamericana_moto_juliana,2019-11-26T08:07:11.102,3.3671272,-76.5246943,,,,27,
373,panamericana_moto_juliana,2019-11-26T08:07:12.082,3.3671527,-76.5246977,,,,27,
374,panamericana_moto_juliana,2019-11-26T08:07:13.087,3.367179,-76.5246999,,,,26,
375,panamericana_moto_juliana,2019-11-26T08:07:14.086,3.367179,-76.5246999,,,,25,
376,panamericana_moto_juliana,2019-11-26T08:07:15.094,3.3672297,-76.5247016,,,49.0,25,
377,panamericana_moto_juliana,2019-11-26T08:07:16.066,3.3673,-76.5246991,,,,25,
378,panamericana_moto_juliana,2019-11-26T08:07:17.058,3.3673,-76.5246991,,21.0,,25,
379,panamericana_moto_juliana,2019-11-26T08:07:18.082,3.3673554,-76.5246928,,,45.0,25,
380,panamericana_moto_juliana,2019-11-26T08:07:19.084,3.3674142,-76.5246881,,,,24,
381,panamericana_moto_juliana,2019-11-26T08:07:20.081,3.3674142,-76.5246881,,,,24,
382,panamericana_moto_juliana,2019-11-26T08:07:21.069,3.367466,-76.5246836,,,,24,
383,panamericana_moto_juliana,2019-11-26T08:07:22.058,3.3675,-76.5246816,,,,25,
384,panamericana_moto_juliana,2019-11-26T08:07:23.090,3.3675272,-76.5246814,,,,25,
385,panamericana_moto_juliana,2019-11-26T08:07:24.094,3.3675272,-76.5246814,,,,25,
386,panamericana_moto_juliana,2019-11-26T08:07:25.071,3.3675787,-76.5246797,,,,25,
387,panamericana_moto_juliana,2019-11-26T08:07:26.089,3.3676031,-76.5246808,,,,25,
388,panamericana_moto_juliana,2019-11-26T08:07:27.084,3.3676031,-76.5246808,,,,25,
389,panamericana_moto_juliana,2019-11-26T08:07:28.077,3.3676391,-76.5246803,,,,25,
390,panamericana_moto_juliana,2019-11-26T08:07:29.068,3.3676505,-76.5246799,,,,25,
391,panamericana_moto_juliana,2019-11-26T08:07:30.085,3.3676558,-76.5246796,,,41.0,25,
392,panamericana_moto_juliana,2019-11-26T08:07:31.110,3.3676558,-76.5246796,,,,24,
393,panamericana_moto_juliana,2019-11-26T08:07:32.084,3.3676576,-76.5246806,,,,25,
394,panamericana_moto_juliana,2019-11-26T08:07:33.060,3.3676557,-76.5246811,,,,25,
395,panamericana_moto_juliana,2019-11-26T08:07:34.073,3.3676557,-76.5246811,,,,24,
396,panamericana_moto_juliana,2019-11-26T08:07:35.059,3.3676542,-76.524683,,,,24,
397,panamericana_moto_juliana,2019-11-26T08:07:36.079,3.3676551,-76.524684,,,,23,
398,panamericana_moto_juliana,2019-11-26T08:07:37.128,3.3676551,-76.524684,,,,22,
399,panamericana_moto_juliana,2019-11-26T08:07:38.067,3.367658,-76.5246857,,,,23,
400,panamericana_moto_juliana,2019-11-26T08:07:39.052,3.3676811,-76.5246885,,,,24,
401,panamericana_moto_juliana,2019-11-26T08:07:40.108,3.3676811,-76.5246885,,,,25,
402,panamericana_moto_juliana,2019-11-26T08:07:41.066,3.3676984,-76.5246905,,,,27,
403,panamericana_moto_juliana,2019-11-26T08:07:42.087,3.367699,-76.5246904,,,49.0,29,
404,panamericana_moto_juliana,2019-11-26T08:07:43.090,3.367699,-76.5246904,,,,30,
405,panamericana_moto_juliana,2019-11-26T08:07:44.064,3.3676985,-76.5246903,,,,32,
406,panamericana_moto_juliana,2019-11-26T08:07:45.085,3.3676985,-76.5246903,,,,32,
407,panamericana_moto_juliana,2019-11-26T08:07:46.086,3.3676983,-76.5246903,,,,33,
408,panamericana_moto_juliana,2019-11-26T08:07:47.096,3.3676983,-76.5246903,,,,33,
409,panamericana_moto_juliana,2019-11-26T08:07:48.050,3.3676984,-76.5246903,,,,33,
410,panamericana_moto_juliana,2019-11-26T08:07:49.091,3.3676984,-76.5246903,,,,32,
411,panamericana_moto_juliana,2019-11-26T08:07:50.049,3.3676984,-76.5246903,,,,31,
412,panamericana_moto_juliana,2019-11-26T08:07:51.049,3.3676984,-76.5246903,,,,30,
413,panamericana_moto_juliana,2019-11-26T08:07:52.101,3.3676985,-76.5246904,,,,30,
414,panamericana_moto_juliana,2019-11-26T08:07:53.081,3.3677187,-76.5246913,,,,29,
415,panamericana_moto_juliana,2019-11-26T08:07:54.070,3.367753,-76.5246932,,,,32,
416,panamericana_moto_juliana,2019-11-26T08:07:55.082,3.367753,-76.5246932,,,,31,
417,panamericana_moto_juliana,2019-11-26T08:07:56.065,3.3678448,-76.5246976,,,,33,
418,panamericana_moto_juliana,2019-11-26T08:07:57.072,3.3678448,-76.5246976,,,,34,
419,panamericana_moto_juliana,2019-11-26T08:07:58.095,3.367933,-76.5246955,,,,35,
420,panamericana_moto_juliana,2019-11-26T08:07:59.076,3.367933,-76.5246955,,,,35,
421,panamericana_moto_juliana,2019-11-26T08:08:00.095,3.3680201,-76.5246948,,,,36,
422,panamericana_moto_juliana,2019-11-26T08:08:01.101,3.368065,-76.5246943,,,,40,
423,panamericana_moto_juliana,2019-11-26T08:08:02.042,3.3681152,-76.5246928,,,,44,
424,panamericana_moto_juliana,2019-11-26T08:08:03.075,3.3681674,-76.524693,,,,49,
425,panamericana_moto_juliana,2019-11-26T08:08:04.086,3.368218,-76.5246918,,,,58,
426,panamericana_moto_juliana,2019-11-26T08:08:05.037,3.368218,-76.5246918,,,,64,
427,panamericana_moto_juliana,2019-11-26T08:08:06.072,3.3683152,-76.5246859,,,,66,
428,panamericana_moto_juliana,2019-11-26T08:08:07.092,3.3683152,-76.5246859,,,,68,
429,panamericana_moto_juliana,2019-11-26T08:08:08.090,3.3684186,-76.5246901,,,125.0,72,
430,panamericana_moto_juliana,2019-11-26T08:08:09.070,3.3684186,-76.5246901,,,,70,
431,panamericana_moto_juliana,2019-11-26T08:08:10.068,3.3685113,-76.5246901,,,,68,
432,panamericana_moto_juliana,2019-11-26T08:08:11.058,3.3685483,-76.5246904,,,111.0,65,
433,panamericana_moto_juliana,2019-11-26T08:08:12.083,3.3685483,-76.5246904,,,,63,
434,panamericana_moto_juliana,2019-11-26T08:08:13.041,3.368629,-76.5246943,,,,58,
435,panamericana_moto_juliana,2019-11-26T08:08:14.091,3.3686726,-76.5246933,,,,54,
436,panamericana_moto_juliana,2019-11-26T08:08:15.071,3.3687165,-76.5246935,,,,49,
437,panamericana_moto_juliana,2019-11-26T08:08:16.042,3.3687165,-76.5246935,,,,43,
438,panamericana_moto_juliana,2019-11-26T08:08:17.050,3.3687742,-76.5246825,,,,40,
439,panamericana_moto_juliana,2019-11-26T08:08:18.084,3.3688471,-76.5246787,,,,37,
440,panamericana_moto_juliana,2019-11-26T08:08:19.035,3.3688471,-76.5246787,,,,33,
441,panamericana_moto_juliana,2019-11-26T08:08:20.043,3.3689103,-76.5246808,,,,32,
442,panamericana_moto_juliana,2019-11-26T08:08:21.096,3.3689103,-76.5246808,,,52.0,29,
443,panamericana_moto_juliana,2019-11-26T08:08:22.099,3.3690375,-76.5246868,,,52.0,28,
444,panamericana_moto_juliana,2019-11-26T08:08:23.059,3.3690375,-76.5246868,,,,27,
445,panamericana_moto_juliana,2019-11-26T08:08:24.070,3.3691411,-76.5246915,,,,25,
446,panamericana_moto_juliana,2019-11-26T08:08:25.081,3.3691411,-76.5246915,,,,23,
447,panamericana_moto_juliana,2019-11-26T08:08:26.080,3.3691946,-76.5246966,,,,23,
448,panamericana_moto_juliana,2019-11-26T08:08:27.074,3.3691946,-76.5246966,,,,23,
449,panamericana_moto_juliana,2019-11-26T08:08:28.069,3.369224,-76.5246984,,,,25,
450,panamericana_moto_juliana,2019-11-26T08:08:29.024,3.3692488,-76.5246971,,,,25,
451,panamericana_moto_juliana,2019-11-26T08:08:30.071,3.369271,-76.5246954,,,,25,
452,panamericana_moto_juliana,2019-11-26T08:08:31.073,3.369285,-76.524691,,20.0,,25,
453,panamericana_moto_juliana,2019-11-26T08:08:32.074,3.3692839,-76.5246921,,,,25,
454,panamericana_moto_juliana,2019-11-26T08:08:33.091,3.3692839,-76.5246921,,,,25,
455,panamericana_moto_juliana,2019-11-26T08:08:34.076,3.3692969,-76.5246975,,,,25,
456,panamericana_moto_juliana,2019-11-26T08:08:35.055,3.3693373,-76.5246976,,,,25,
457,panamericana_moto_juliana,2019-11-26T08:08:36.071,3.3693373,-76.5246976,,,,26,
458,panamericana_moto_juliana,2019-11-26T08:08:37.082,3.3694212,-76.5246934,,,,25,
459,panamericana_moto_juliana,2019-11-26T08:08:38.064,3.3694827,-76.524689,,,,27,
460,panamericana_moto_juliana,2019-11-26T08:08:39.083,3.3695236,-76.5246911,,,,27,
461,panamericana_moto_juliana,2019-11-26T08:08:40.081,3.3695619,-76.5246999,,,43.0,27,
462,panamericana_moto_juliana,2019-11-26T08:08:41.041,3.3695619,-76.5246999,,,,27,
463,panamericana_moto_juliana,2019-11-26T08:08:42.128,3.3696499,-76.5247398,,,,26,
464,panamericana_moto_juliana,2019-11-26T08:08:43.091,3.3696975,-76.5247699,,,,27,
465,panamericana_moto_juliana,2019-11-26T08:08:44.048,3.3697408,-76.5247992,,,,31,
466,panamericana_moto_juliana,2019-11-26T08:08:45.070,3.3697408,-76.5247992,,,,33,
467,panamericana_moto_juliana,2019-11-26T08:08:46.070,3.3698211,-76.5248544,,,,35,
468,panamericana_moto_juliana,2019-11-26T08:08:47.085,3.3698781,-76.5248728,,,,35,
469,panamericana_moto_juliana,2019-11-26T08:08:48.072,3.3698781,-76.5248728,,,,35,
470,panamericana_moto_juliana,2019-11-26T08:08:49.097,3.3700091,-76.5248849,,,,36,
471,panamericana_moto_juliana,2019-11-26T08:08:50.088,3.3700091,-76.5248849,,,,36,
472,panamericana_moto_juliana,2019-11-26T08:08:51.087,3.3701413,-76.524892,,,67.0,36,
473,panamericana_moto_juliana,2019-11-26T08:08:52.061,3.3701413,-76.524892,,,,36,
474,panamericana_moto_juliana,2019-11-26T08:08:53.102,3.3702338,-76.5248975,,,,36,
475,panamericana_moto_juliana,2019-11-26T08:08:54.071,3.3702338,-76.5248975,,,,35,
476,panamericana_moto_juliana,2019-11-26T08:08:55.086,3.3702751,-76.5248876,,25.0,,31,
477,panamericana_moto_juliana,2019-11-26T08:08:56.085,3.3703019,-76.5248864,,,47.0,27,
478,panamericana_moto_juliana,2019-11-26T08:08:57.077,3.3703465,-76.5248831,,,,25,
479,panamericana_moto_juliana,2019-11-26T08:08:58.084,3.3703465,-76.5248831,,,,23,
480,panamericana_moto_juliana,2019-11-26T08:08:59.085,3.3703723,-76.5248835,,,37.0,23,
481,panamericana_moto_juliana,2019-11-26T08:09:00.072,3.3704082,-76.5248864,,,,24,
482,panamericana_moto_juliana,2019-11-26T08:09:01.074,3.3704609,-76.5248895,,,,25,
483,panamericana_moto_juliana,2019-11-26T08:09:02.058,3.3704609,-76.5248895,,21.0,,25,
484,panamericana_moto_juliana,2019-11-26T08:09:03.085,3.370512,-76.5248948,,,,27,
485,panamericana_moto_juliana,2019-11-26T08:09:04.077,3.370512,-76.5248948,,,,28,
486,panamericana_moto_juliana,2019-11-26T08:09:05.094,3.3705863,-76.5249025,,,51.0,29,
487,panamericana_moto_juliana,2019-11-26T08:09:06.090,3.3706229,-76.5248996,,,,30,
488,panamericana_moto_juliana,2019-11-26T08:09:07.084,3.3706229,-76.5248996,,,56.0,31,
489,panamericana_moto_juliana,2019-11-26T08:09:08.051,3.3706699,-76.5248931,,,,31,
490,panamericana_moto_juliana,2019-11-26T08:09:09.111,3.3706899,-76.5248873,,,,31,
491,panamericana_moto_juliana,2019-11-26T08:09:10.070,3.370733,-76.52488,,,,31,
492,panamericana_moto_juliana,2019-11-26T08:09:11.097,3.370733,-76.52488,,,,31,
493,panamericana_moto_juliana,2019-11-26T08:09:12.083,3.3707868,-76.524874,,,,31,
494,panamericana_moto_juliana,2019-11-26T08:09:13.126,3.3707868,-76.524874,,,,31,
495,panamericana_moto_juliana,2019-11-26T08:09:14.070,3.3708561,-76.52487,,,,30,
496,panamericana_moto_juliana,2019-11-26T08:09:15.083,3.3708784,-76.524876,,,,30,
497,panamericana_moto_juliana,2019-11-26T08:09:16.060,3.3708784,-76.524876,,,,29,
498,panamericana_moto_juliana,2019-11-26T08:09:17.101,3.3708997,-76.5249081,,,50.0,29,
499,panamericana_moto_juliana,2019-11-26T08:09:18.083,3.3709297,-76.5249859,,,,29,
500,panamericana_moto_juliana,2019-11-26T08:09:19.070,3.3709598,-76.5250461,,,,29,
501,panamericana_moto_juliana,2019-11-26T08:09:20.087,3.3709928,-76.525107,,,,27,
502,panamericana_moto_juliana,2019-11-26T08:09:21.089,3.3709928,-76.525107,,,,27,
503,panamericana_moto_juliana,2019-11-26T08:09:22.088,3.3710403,-76.5252171,,,,25,
504,panamericana_moto_juliana,2019-11-26T08:09:23.056,3.3710403,-76.5252171,,,,25,
505,panamericana_moto_juliana,2019-11-26T08:09:24.042,3.3710326,-76.5252633,,,,25,
506,panamericana_moto_juliana,2019-11-26T08:09:25.111,3.3710369,-76.5252858,,,,25,
507,panamericana_moto_juliana,2019-11-26T08:09:26.098,3.3710384,-76.5252928,,,38.0,25,
508,panamericana_moto_juliana,2019-11-26T08:09:27.095,3.3710384,-76.5252928,,,,23,
509,panamericana_moto_juliana,2019-11-26T08:09:28.085,3.3710402,-76.5252922,,,,21,
510,panamericana_moto_juliana,2019-11-26T08:09:29.082,3.3710402,-76.5252922,,,,21,
511,panamericana_moto_juliana,2019-11-26T08:09:30.073,3.3710435,-76.5252821,,,,19,
512,panamericana_moto_juliana,2019-11-26T08:09:31.058,3.3710435,-76.5252821,,,,19,
513,panamericana_moto_juliana,2019-11-26T08:09:32.101,3.3710462,-76.5252763,,,,19,
514,panamericana_moto_juliana,2019-11-26T08:09:33.084,3.3710462,-76.5252763,,,,19,
515,panamericana_moto_juliana,2019-11-26T08:09:34.091,3.3710615,-76.5252791,,,,19,
516,panamericana_moto_juliana,2019-11-26T08:09:35.103,3.3710615,-76.5252791,,,,19,
517,panamericana_moto_juliana,2019-11-26T08:09:36.086,3.3710302,-76.5252969,,,,19,
518,panamericana_moto_juliana,2019-11-26T08:09:37.108,3.3710302,-76.5252969,,,,19,
519,panamericana_moto_juliana,2019-11-26T08:09:38.057,3.370924,-76.5253029,,,,19,
520,panamericana_moto_juliana,2019-11-26T08:09:39.090,3.370924,-76.5253029,,,,21,
521,panamericana_moto_juliana,2019-11-26T08:09:40.061,3.3707966,-76.5253067,,,28.0,21,
522,panamericana_moto_juliana,2019-11-26T08:09:41.060,3.3707966,-76.5253067,,,,21,
523,panamericana_moto_juliana,2019-11-26T08:09:42.067,3.3706653,-76.5253103,,,,21,
524,panamericana_moto_juliana,2019-11-26T08:09:43.079,3.370599,-76.5253147,,,,22,
525,panamericana_moto_juliana,2019-11-26T08:09:44.079,3.3705298,-76.525321,,,,22,
526,panamericana_moto_juliana,2019-11-26T08:09:45.130,3.3705298,-76.525321,,,,22,
527,panamericana_moto_juliana,2019-11-26T08:09:46.083,3.3703995,-76.5253231,,,,23,
528,panamericana_moto_juliana,2019-11-26T08:09:47.060,3.3703453,-76.5253275,,,,23,
529,panamericana_moto_juliana,2019-11-26T08:09:48.101,3.3703453,-76.5253275,,,33.0,23,
530,panamericana_moto_juliana,2019-11-26T08:09:49.104,3.3702691,-76.5253413,,,,23,
531,panamericana_moto_juliana,2019-11-26T08:09:50.059,3.3702472,-76.5253452,,19.0,,23,
532,panamericana_moto_juliana,2019-11-26T08:09:51.098,3.3702472,-76.5253452,,,,23,
533,panamericana_moto_juliana,2019-11-26T08:09:52.089,3.3702207,-76.5253513,,,,24,
534,panamericana_moto_juliana,2019-11-26T08:09:53.081,3.3702146,-76.5253548,,,,25,
535,panamericana_moto_juliana,2019-11-26T08:09:54.091,3.3702146,-76.5253548,,,37.0,25,
536,panamericana_moto_juliana,2019-11-26T08:09:55.077,3.3702015,-76.5253587,,21.0,,25,
537,panamericana_moto_juliana,2019-11-26T08:09:56.064,3.3701869,-76.5253634,,,,25,
538,panamericana_moto_juliana,2019-11-26T08:09:57.094,3.3701869,-76.5253634,,,,25,
539,panamericana_moto_juliana,2019-11-26T08:09:58.092,3.3701539,-76.525364,,,,24,
540,panamericana_moto_juliana,2019-11-26T08:09:59.094,3.3701307,-76.5253688,,,,24,
541,panamericana_moto_juliana,2019-11-26T08:10:00.045,3.3701072,-76.5253722,,,,24,
542,panamericana_moto_juliana,2019-11-26T08:10:01.089,3.3701072,-76.5253722,,,,24,
543,panamericana_moto_juliana,2019-11-26T08:10:02.075,3.3700704,-76.5253791,,,37.0,25,
544,panamericana_moto_juliana,2019-11-26T08:10:03.091,3.3700542,-76.5253807,,,,25,
545,panamericana_moto_juliana,2019-11-26T08:10:04.113,3.3700354,-76.5253842,,,,25,
546,panamericana_moto_juliana,2019-11-26T08:10:05.070,3.3700169,-76.5253897,,,,25,
547,panamericana_moto_juliana,2019-11-26T08:10:06.072,3.3699999,-76.525394,,,,25,
548,panamericana_moto_juliana,2019-11-26T08:10:07.075,3.3699855,-76.5253986,,,,25,
549,panamericana_moto_juliana,2019-11-26T08:10:08.072,3.3699855,-76.5253986,,,,25,
550,panamericana_moto_juliana,2019-11-26T08:10:09.097,3.3699571,-76.5254128,,,,25,
551,panamericana_moto_juliana,2019-11-26T08:10:10.073,3.3699571,-76.5254128,,,,25,
552,panamericana_moto_juliana,2019-11-26T08:10:11.090,3.3699473,-76.5254237,,,,24,
553,panamericana_moto_juliana,2019-11-26T08:10:12.087,3.3699473,-76.5254237,,,,24,
554,panamericana_moto_juliana,2019-11-26T08:10:13.075,3.3699448,-76.5254329,,,,25,
555,panamericana_moto_juliana,2019-11-26T08:10:14.048,3.3699375,-76.5254354,,,,25,
556,panamericana_moto_juliana,2019-11-26T08:10:15.086,3.3699375,-76.5254354,,,,25,
557,panamericana_moto_juliana,2019-11-26T08:10:16.064,3.3699175,-76.5254386,,,,25,
558,panamericana_moto_juliana,2019-11-26T08:10:17.059,3.3699175,-76.5254386,,,,23,
559,panamericana_moto_juliana,2019-11-26T08:10:18.048,3.3699024,-76.5254444,,,,23,
560,panamericana_moto_juliana,2019-11-26T08:10:19.059,3.3698925,-76.5254478,,,,22,
561,panamericana_moto_juliana,2019-11-26T08:10:20.063,3.3698925,-76.5254478,,,,23,
562,panamericana_moto_juliana,2019-11-26T08:10:21.074,3.3698769,-76.5254467,,,,22,
563,panamericana_moto_juliana,2019-11-26T08:10:22.038,3.3698769,-76.5254467,,16.0,,21,
564,panamericana_moto_juliana,2019-11-26T08:10:23.112,3.3698656,-76.5254379,,,,21,
565,panamericana_moto_juliana,2019-11-26T08:10:24.075,3.3698565,-76.5254341,,,,19,
566,panamericana_moto_juliana,2019-11-26T08:10:25.077,3.3698565,-76.5254341,,,,19,
567,panamericana_moto_juliana,2019-11-26T08:10:26.090,3.3698286,-76.5254239,,,,19,
568,panamericana_moto_juliana,2019-11-26T08:10:27.079,3.3698286,-76.5254239,,,,19,
569,panamericana_moto_juliana,2019-11-26T08:10:28.067,3.3698012,-76.5254215,,,,19,
570,panamericana_moto_juliana,2019-11-26T08:10:29.082,3.3698012,-76.5254215,,,,18,
571,panamericana_moto_juliana,2019-11-26T08:10:30.087,3.3697754,-76.5254242,,,,18,
572,panamericana_moto_juliana,2019-11-26T08:10:31.083,3.3697754,-76.5254242,,,,17,
573,panamericana_moto_juliana,2019-11-26T08:10:32.066,3.3697592,-76.5254287,,,,16,
574,panamericana_moto_juliana,2019-11-26T08:10:33.075,3.3697503,-76.525431,,,,16,
575,panamericana_moto_juliana,2019-11-26T08:10:34.088,3.3697322,-76.525434,,,,16,
576,panamericana_moto_juliana,2019-11-26T08:10:35.033,3.3697322,-76.525434,,,,16,
577,panamericana_moto_juliana,2019-11-26T08:10:36.089,3.3696919,-76.5254404,,,,27,
578,panamericana_moto_juliana,2019-11-26T08:10:37.041,3.3696276,-76.5254562,,,,39,
579,panamericana_moto_juliana,2019-11-26T08:10:38.072,3.3695852,-76.5254695,,,,66,
580,panamericana_moto_juliana,2019-11-26T08:10:39.081,3.3695852,-76.5254695,,,,113,
581,panamericana_moto_juliana,2019-11-26T08:10:40.091,3.3695048,-76.5255021,,,,155,
582,panamericana_moto_juliana,2019-11-26T08:10:41.074,3.3694624,-76.5255315,,,,185,
583,panamericana_moto_juliana,2019-11-26T08:10:42.074,3.3694624,-76.5255315,,,,199,
584,panamericana_moto_juliana,2019-11-26T08:10:43.087,3.3693574,-76.5255758,,,,207,
585,panamericana_moto_juliana,2019-11-26T08:10:44.100,3.369303,-76.5255977,,,,207,
586,panamericana_moto_juliana,2019-11-26T08:10:45.103,3.369303,-76.5255977,,,,198,
587,panamericana_moto_juliana,2019-11-26T08:10:46.058,3.3692664,-76.5256062,,,,195,
588,panamericana_moto_juliana,2019-11-26T08:10:47.095,3.3693045,-76.5255981,,,383.0,189,
589,panamericana_moto_juliana,2019-11-26T08:10:48.071,3.3692335,-76.5256299,,,,183,
590,panamericana_moto_juliana,2019-11-26T08:10:49.127,3.3692335,-76.5256299,,,,157,
591,panamericana_moto_juliana,2019-11-26T08:10:50.112,3.3691621,-76.5256588,,,,130,
592,panamericana_moto_juliana,2019-11-26T08:10:51.053,3.3690586,-76.5257153,,,,106,
593,panamericana_moto_juliana,2019-11-26T08:10:52.070,3.3690586,-76.5257153,,,,89,
594,panamericana_moto_juliana,2019-11-26T08:10:53.089,3.3689339,-76.5258003,,,,79,
595,panamericana_moto_juliana,2019-11-26T08:10:54.086,3.3688738,-76.525862,,,,71,
596,panamericana_moto_juliana,2019-11-26T08:10:55.072,3.3688738,-76.525862,,77.0,,68,
597,panamericana_moto_juliana,2019-11-26T08:10:56.061,3.3687314,-76.5259406,,,,69,
598,panamericana_moto_juliana,2019-11-26T08:10:57.066,3.3687314,-76.5259406,,,,62,
599,panamericana_moto_juliana,2019-11-26T08:10:58.084,3.3685471,-76.5259851,,,,59,
600,panamericana_moto_juliana,2019-11-26T08:10:59.070,3.3685471,-76.5259851,,,,59,
601,panamericana_moto_juliana,2019-11-26T08:11:00.064,3.3683655,-76.5260167,,,96.0,59,
602,panamericana_moto_juliana,2019-11-26T08:11:01.067,3.3683655,-76.5260167,,,,60,
603,panamericana_moto_juliana,2019-11-26T08:11:02.088,3.3681869,-76.5260396,,,,63,
604,panamericana_moto_juliana,2019-11-26T08:11:03.079,3.3681869,-76.5260396,,,,68,
605,panamericana_moto_juliana,2019-11-26T08:11:04.092,3.3680135,-76.5260621,,86.0,,68,
606,panamericana_moto_juliana,2019-11-26T08:11:05.098,3.3680135,-76.5260621,,,,59,
607,panamericana_moto_juliana,2019-11-26T08:11:06.049,3.3678373,-76.5260845,,,,52,
608,panamericana_moto_juliana,2019-11-26T08:11:07.058,3.3677488,-76.5260986,,,,52,
609,panamericana_moto_juliana,2019-11-26T08:11:08.098,3.3677488,-76.5260986,,,,49,
610,panamericana_moto_juliana,2019-11-26T08:11:09.088,3.3675801,-76.5261228,,,,48,
611,panamericana_moto_juliana,2019-11-26T08:11:10.064,3.3675031,-76.5261358,,,,45,
612,panamericana_moto_juliana,2019-11-26T08:11:11.057,3.3675031,-76.5261358,,,,41,
613,panamericana_moto_juliana,2019-11-26T08:11:12.081,3.3673424,-76.5261583,,,,36,
614,panamericana_moto_juliana,2019-11-26T08:11:13.084,3.3673424,-76.5261583,,,,34,
615,panamericana_moto_juliana,2019-11-26T08:11:14.081,3.3672118,-76.5261787,,,,32,
616,panamericana_moto_juliana,2019-11-26T08:11:15.068,3.3672118,-76.5261787,,,,31,
617,panamericana_moto_juliana,2019-11-26T08:11:16.079,3.3671157,-76.5262124,,,,30,
618,panamericana_moto_juliana,2019-11-26T08:11:17.082,3.3671157,-76.5262124,,,,29,
619,panamericana_moto_juliana,2019-11-26T08:11:18.064,3.3670241,-76.5262649,,,,29,
620,panamericana_moto_juliana,2019-11-26T08:11:19.095,3.3670241,-76.5262649,,,,27,
621,panamericana_moto_juliana,2019-11-26T08:11:20.108,3.3669633,-76.5263771,,,,26,
622,panamericana_moto_juliana,2019-11-26T08:11:21.079,3.3669633,-76.5263771,,,,27,
623,panamericana_moto_juliana,2019-11-26T08:11:22.048,3.3669275,-76.5264739,,,,25,
624,panamericana_moto_juliana,2019-11-26T08:11:23.080,3.3669056,-76.5265357,,,,25,
625,panamericana_moto_juliana,2019-11-26T08:11:24.072,3.366871,-76.5266244,,,,25,
626,panamericana_moto_juliana,2019-11-26T08:11:25.077,3.366871,-76.5266244,,,,25,
627,panamericana_moto_juliana,2019-11-26T08:11:26.095,3.3668021,-76.5267952,,,,25,
628,panamericana_moto_juliana,2019-11-26T08:11:27.080,3.3667684,-76.5268791,,,,24,
629,panamericana_moto_juliana,2019-11-26T08:11:28.081,3.3667684,-76.5268791,,,,24,
630,panamericana_moto_juliana,2019-11-26T08:11:29.082,3.3667101,-76.5270486,,,,23,
631,panamericana_moto_juliana,2019-11-26T08:11:30.086,3.3666828,-76.5271414,,,,23,
632,panamericana_moto_juliana,2019-11-26T08:11:31.053,3.3666828,-76.5271414,,,,22,
633,panamericana_moto_juliana,2019-11-26T08:11:32.082,3.366648,-76.5272774,,,,22,
634,panamericana_moto_juliana,2019-11-26T08:11:33.083,3.366627,-76.5273457,,,31.0,22,
635,panamericana_moto_juliana,2019-11-26T08:11:34.060,3.3666073,-76.5274267,,,,21,
636,panamericana_moto_juliana,2019-11-26T08:11:35.074,3.3666073,-76.5274267,,,,21,
637,panamericana_moto_juliana,2019-11-26T08:11:36.099,3.3665968,-76.5275802,,,28.0,21,
638,panamericana_moto_juliana,2019-11-26T08:11:37.095,3.3665968,-76.5275802,,,,21,
639,panamericana_moto_juliana,2019-11-26T08:11:38.083,3.3666301,-76.5277201,,,30.0,21,
640,panamericana_moto_juliana,2019-11-26T08:11:39.095,3.3666301,-76.5277201,,,,22,
641,panamericana_moto_juliana,2019-11-26T08:11:40.084,3.3666941,-76.5278609,,,,25,
642,panamericana_moto_juliana,2019-11-26T08:11:41.042,3.3666941,-76.5278609,,,,25,
643,panamericana_moto_juliana,2019-11-26T08:11:42.051,3.3667781,-76.5279658,,,,27,
644,panamericana_moto_juliana,2019-11-26T08:11:43.069,3.3667781,-76.5279658,,,,27,
645,panamericana_moto_juliana,2019-11-26T08:11:44.024,3.3668444,-76.5280505,,,,29,
